,0050,006208,2330,2376,2884,0056,00679B,00646,00631L
2020-05-04,83.0,47.7,295.0,51.2,26.8,27.09,51.05,25.66,42.18
2020-05-05,83.4,47.78,295.5,51.1,26.85,27.33,50.75,26.18,42.74
2020-05-06,83.5,47.74,296.0,50.3,26.85,27.32,50.55,26.35,42.82
2020-05-07,83.85,48.04,297.5,51.2,26.8,27.4,50.1,26.18,43.62
2020-05-08,84.35,48.29,297.5,52.0,26.85,27.5,50.5,26.6,44.0
2020-05-11,85.05,48.72,301.0,53.1,27.05,27.66,49.81,26.75,44.87
2020-05-12,84.05,48.1,295.0,55.8,26.85,27.55,49.8,26.62,43.79
2020-05-13,84.3,48.25,297.0,59.5,27.15,27.75,50.25,26.24,44.2
2020-05-14,83.3,47.7,293.0,58.9,26.9,27.48,50.65,25.8,42.85
2020-05-15,83.85,47.91,298.0,62.4,26.95,27.43,51.0,26.15,43.36
2020-05-18,83.15,47.5,290.0,62.0,26.8,27.25,50.85,26.41,42.89
2020-05-19,83.9,47.95,291.5,62.6,26.9,27.43,49.84,26.97,43.82
2020-05-20,83.8,47.95,294.0,62.6,27.0,27.48,49.93,26.87,44.0
2020-05-21,84.5,48.37,297.5,63.5,27.0,27.63,50.25,27.01,44.9
2020-05-22,82.95,47.56,292.0,61.4,26.75,27.45,50.5,26.7,43.02
2020-05-25,83.5,47.68,292.0,63.1,26.85,27.5,50.5,27.18,43.85
2020-05-26,84.45,48.38,295.5,63.5,26.9,27.82,50.25,27.46,45.04
2020-05-27,84.35,48.28,296.5,61.3,26.95,27.85,49.84,27.59,44.87
2020-05-28,83.85,48.0,294.0,59.6,26.8,27.9,49.69,27.86,44.31
2020-05-29,84.45,48.23,292.0,59.0,26.65,27.86,49.72,27.68,44.67
2020-06-01,84.9,48.56,295.5,61.6,27.05,28.05,49.71,27.77,45.56
2020-06-02,85.3,48.9,296.5,61.8,27.55,28.17,49.46,27.77,45.95
2020-06-03,86.8,49.71,301.0,62.4,28.2,28.48,48.96,28.17,47.51
2020-06-04,87.6,49.97,306.0,62.9,28.1,28.67,48.68,28.42,48.15
2020-06-05,88.35,50.35,311.5,69.1,28.0,28.8,47.63,28.42,49.05
2020-06-08,89.5,51.0,318.0,64.3,28.1,28.88,47.09,28.96,49.95
2020-06-09,89.6,51.2,319.0,63.5,28.2,28.84,47.74,29.22,50.25
2020-06-10,90.45,51.65,322.5,63.6,28.35,28.86,48.1,29.15,51.15
2020-06-11,89.05,50.85,320.5,61.7,28.0,28.43,48.78,28.4,49.2
2020-06-12,88.25,50.35,316.0,63.0,27.65,28.29,49.15,27.59,48.49
2020-06-15,87.0,49.76,309.5,62.3,27.5,28.13,49.59,26.94,47.23
2020-06-16,88.9,50.9,315.0,64.9,28.05,28.45,48.37,28.18,49.52
2020-06-17,89.0,50.8,315.0,64.5,28.05,28.46,48.53,28.23,49.6
2020-06-18,88.9,50.85,314.5,64.8,28.0,28.55,48.67,27.96,49.92
2020-06-19,88.85,50.8,314.5,63.0,27.8,28.56,48.78,28.15,50.0
2020-06-22,89.05,51.0,312.0,65.1,27.8,28.48,48.88,28.01,50.15
2020-06-23,89.45,51.2,315.0,66.9,27.95,28.54,48.81,28.2,50.5
2020-06-24,90.0,51.4,317.5,65.4,27.95,28.54,48.41,28.25,51.05
2020-06-29,89.1,51.0,312.0,66.0,27.8,28.51,49.52,27.22,49.71
2020-06-30,89.9,51.35,313.0,65.5,27.8,28.56,49.38,27.57,50.8
2020-07-01,90.5,51.75,317.5,68.1,28.0,28.79,49.03,27.73,51.5
2020-07-02,91.5,52.2,322.0,69.3,28.05,29.09,49.08,28.0,52.75
2020-07-03,92.55,52.8,329.5,70.3,28.1,29.33,49.14,28.09,53.9
2020-07-06,94.15,53.75,338.0,71.7,28.4,29.83,48.74,28.46,55.95
2020-07-07,94.5,53.9,338.5,70.5,28.3,29.43,48.98,28.46,55.95
2020-07-08,95.15,54.35,341.0,71.4,28.45,29.72,49.34,28.26,56.7
2020-07-09,95.45,54.4,345.0,70.8,28.3,29.74,49.3,28.41,57.0
2020-07-10,94.65,54.05,348.5,72.0,28.3,29.52,50.25,28.17,55.7
2020-07-13,96.05,54.8,354.5,72.1,28.8,29.65,49.97,28.78,57.5
2020-07-14,96.65,55.2,363.5,73.7,28.8,29.58,50.0,28.44,57.45
2020-07-15,97.05,55.4,363.0,72.0,28.85,29.53,49.95,28.94,57.9
2020-07-16,96.1,54.95,357.5,72.1,28.95,29.63,50.05,28.9,57.05
2020-07-17,97.2,55.4,367.0,73.2,29.15,29.59,50.15,28.93,57.75
2020-07-20,97.05,55.5,366.0,73.9,29.25,29.55,50.15,28.92,57.75
2020-07-21,98.7,56.3,383.0,74.4,29.25,29.84,50.1,29.27,60.3
2020-07-22,98.95,56.45,384.0,75.3,29.2,29.97,50.1,29.27,60.6
2020-07-23,98.85,56.4,381.5,78.7,29.1,30.17,50.3,29.4,60.4
2020-07-24,98.5,56.2,386.0,82.4,28.95,29.85,51.0,28.95,59.25
2020-07-27,103.3,58.95,424.5,84.7,28.95,29.84,50.85,28.95,63.1
2020-07-28,103.6,59.1,435.0,84.4,26.95,29.46,50.15,28.94,62.75
2020-07-29,102.55,58.55,422.0,83.6,27.2,29.62,50.8,28.83,62.4
2020-07-30,104.05,59.5,434.0,86.5,27.25,29.99,50.7,29.08,63.95
2020-07-31,103.8,59.3,425.5,84.0,27.1,30.24,51.2,29.27,63.95
2020-08-03,102.0,58.4,416.0,82.5,26.8,30.01,51.0,29.4,62.1
2020-08-04,103.3,59.1,425.5,84.6,27.1,30.17,50.9,29.58,64.0
2020-08-05,104.3,59.6,429.0,85.5,26.9,30.62,51.05,29.65,65.1
2020-08-06,105.4,60.25,435.0,82.5,27.0,30.7,51.0,29.84,66.25
2020-08-07,104.65,59.85,433.0,82.4,26.9,30.65,51.3,29.88,65.4
2020-08-10,105.6,60.35,435.5,80.1,26.85,30.6,50.75,30.11,66.55
2020-08-11,104.8,59.95,429.0,82.0,26.85,30.35,50.7,30.2,65.35
2020-08-12,103.25,59.1,419.0,79.9,26.85,30.22,49.93,29.97,63.95
2020-08-13,104.25,59.75,429.0,84.0,27.0,30.32,49.85,30.3,65.1
2020-08-14,104.5,59.7,427.0,85.5,26.95,30.63,49.19,30.32,65.55
2020-08-17,105.6,60.35,435.0,86.5,27.1,30.96,49.14,30.34,67.25
2020-08-18,105.0,60.05,433.0,91.4,27.5,30.9,49.04,30.35,66.4
2020-08-19,104.25,59.6,427.5,88.8,27.55,30.77,49.38,30.43,65.5
2020-08-20,100.6,57.8,415.0,83.5,27.05,29.79,49.19,30.1,60.7
2020-08-21,102.8,58.85,424.5,85.3,27.4,30.11,49.26,30.38,63.4
2020-08-24,103.1,59.05,428.0,86.6,27.05,30.14,49.71,30.5,63.8
2020-08-25,103.9,59.3,434.5,91.5,27.25,30.44,49.48,30.83,65.1
2020-08-26,104.3,59.7,442.0,88.3,27.35,30.43,48.91,30.88,65.65
2020-08-27,104.55,59.7,444.0,89.7,27.2,30.33,49.0,31.13,65.45
2020-08-28,103.5,59.25,435.0,86.2,27.2,30.24,47.82,31.39,64.5
2020-08-31,101.8,58.55,426.5,84.9,27.2,30.16,48.14,31.58,63.2
2020-09-01,103.35,58.95,435.0,85.7,27.2,30.06,48.26,31.43,64.6
2020-09-02,103.0,58.9,433.0,82.6,26.9,30.14,48.76,31.72,64.6
2020-09-03,103.3,59.05,436.0,85.1,26.85,30.25,49.27,32.09,65.0
2020-09-04,102.55,58.5,429.0,82.8,26.65,30.09,49.43,30.9,63.8
2020-09-07,102.4,58.5,426.0,79.1,26.7,29.96,48.47,30.62,63.45
2020-09-08,103.0,58.9,431.0,77.6,26.6,29.97,48.49,30.8,64.25
2020-09-09,102.3,58.6,427.0,79.1,26.6,29.85,48.98,30.07,63.65
2020-09-10,103.2,59.0,435.0,77.6,26.7,29.85,48.71,30.47,64.4
2020-09-11,103.25,59.0,436.5,79.2,26.7,29.75,48.94,30.17,64.4
2020-09-14,104.55,59.55,441.0,80.6,26.6,29.98,48.98,30.24,66.6
2020-09-15,104.95,59.9,445.0,81.3,26.6,30.1,48.93,30.36,66.55
2020-09-16,106.55,60.7,458.0,80.9,26.7,30.25,48.8,30.48,67.9
2020-09-17,105.4,60.0,448.5,81.3,26.6,30.23,48.6,30.13,66.5
2020-09-18,105.3,60.0,444.0,82.3,26.4,30.2,48.57,29.97,66.75
2020-09-21,104.45,59.5,440.0,82.1,26.05,30.03,48.11,29.47,65.4
2020-09-22,103.1,58.9,437.0,80.8,25.6,29.8,48.57,29.36,63.4
2020-09-23,102.95,58.75,433.5,81.1,25.55,29.7,48.67,29.75,63.75
2020-09-24,100.45,57.45,423.0,77.6,24.9,29.06,49.05,29.05,60.15
2020-09-25,100.65,57.45,424.0,75.4,25.3,28.9,48.95,29.23,60.5
2020-09-28,102.3,58.3,431.5,80.6,25.9,29.38,48.87,29.68,62.6
2020-09-29,102.55,58.5,431.0,76.3,25.8,29.4,48.6,29.88,62.65
2020-09-30,103.0,58.75,433.0,75.5,25.6,29.48,48.6,29.46,63.3
2020-10-05,103.05,58.9,432.5,77.3,25.45,29.45,47.71,29.8,63.7
2020-10-06,104.25,59.55,439.5,76.7,25.75,29.68,46.86,30.03,65.1
2020-10-07,104.8,59.9,443.0,76.9,25.6,29.65,47.12,29.75,65.8
2020-10-08,106.2,60.55,453.0,77.2,25.35,29.76,46.76,30.14,67.15
2020-10-12,107.05,61.1,460.0,76.0,25.35,29.74,46.78,30.7,67.65
2020-10-13,107.1,60.95,462.0,76.5,25.15,29.71,46.88,30.95,67.85
2020-10-14,106.7,60.75,459.0,79.0,25.15,29.74,47.18,30.87,67.3
2020-10-15,105.7,60.4,453.0,77.5,25.05,29.69,47.6,30.58,66.6
2020-10-16,105.25,60.1,449.0,76.0,24.9,29.56,47.55,30.69,65.65
2020-10-19,106.6,60.6,457.5,77.9,24.75,29.64,47.1,30.78,67.55
2020-10-20,106.0,60.5,451.0,79.4,24.7,29.64,46.96,30.26,66.9
2020-10-21,105.95,60.4,453.0,78.7,24.5,29.59,46.23,30.4,67.2
2020-10-22,106.1,60.55,455.0,78.9,24.8,29.59,46.36,30.04,67.45
2020-10-23,106.1,60.6,452.0,79.1,24.75,29.63,45.98,30.32,67.5
2020-10-26,106.1,60.65,450.0,79.9,24.95,29.69,46.36,30.19,67.7
2020-10-27,105.5,60.3,447.0,79.8,24.75,29.69,46.57,29.96,67.2
2020-10-28,105.0,59.95,444.0,71.9,24.7,28.19,46.83,29.67,66.15
2020-10-29,103.85,59.25,437.0,71.3,24.35,27.98,46.66,29.06,64.9
2020-10-30,103.0,58.8,432.0,71.8,24.3,27.8,46.61,28.71,63.5
2020-11-02,103.4,59.0,435.5,71.7,24.6,27.72,46.08,28.76,64.0
2020-11-03,104.6,59.85,441.0,71.6,24.9,28.01,46.33,29.17,65.9
2020-11-04,106.15,60.7,450.0,71.9,24.85,28.05,46.61,29.84,68.2
2020-11-05,106.05,60.75,451.0,72.0,25.05,28.12,47.31,30.32,68.1
2020-11-06,106.7,61.0,452.5,72.7,25.3,28.19,47.06,30.45,68.55
2020-11-09,108.1,61.75,458.5,73.8,25.45,28.4,46.46,31.13,70.6
2020-11-10,107.1,61.5,451.0,72.6,25.8,28.29,45.75,30.81,69.95
2020-11-11,108.75,62.15,457.0,73.1,26.5,28.5,45.12,30.89,72.0
2020-11-12,108.8,62.35,458.0,73.0,26.15,28.4,45.49,30.96,71.4
2020-11-13,109.25,62.5,462.0,73.6,26.1,28.53,46.15,30.83,72.0
2020-11-16,112.8,64.5,484.0,73.9,26.15,28.8,46.11,31.48,76.3
2020-11-17,113.6,63.7,485.5,74.7,26.1,28.81,45.67,31.43,76.1
2020-11-18,114.35,64.5,497.0,75.1,25.85,28.9,46.16,31.37,77.6
2020-11-19,114.15,64.2,490.0,75.6,25.65,28.86,46.35,31.12,77.55
2020-11-20,114.0,64.0,488.0,79.5,25.35,28.88,46.67,31.11,77.5
2020-11-23,115.45,64.8,496.5,79.9,25.6,29.14,46.8,31.12,79.35
2020-11-24,114.9,64.55,492.0,78.1,25.75,29.11,46.43,31.44,78.5
2020-11-25,113.95,63.95,487.0,78.5,25.4,29.01,46.05,31.67,77.15
2020-11-26,114.85,64.45,489.0,78.4,25.55,29.15,46.07,31.68,79.0
2020-11-27,114.65,64.45,489.0,79.5,25.45,29.32,46.19,31.59,79.25
2020-11-30,113.3,63.65,480.5,78.5,25.15,29.35,46.46,31.51,77.3
2020-12-01,114.3,64.15,490.0,78.8,25.3,29.35,46.48,31.83,79.2
2020-12-02,115.4,64.8,499.0,78.9,25.3,29.44,45.84,31.84,80.25
2020-12-03,115.4,64.8,497.0,80.6,25.25,29.45,45.38,31.93,80.35
2020-12-04,117.3,65.7,503.0,80.1,25.4,29.68,45.33,31.72,82.5
2020-12-07,118.4,66.45,514.0,81.1,25.15,29.85,44.83,31.88,83.25
2020-12-08,120.05,67.3,524.0,81.8,25.05,29.9,45.07,31.8,85.05
2020-12-09,120.05,67.3,520.0,80.0,25.1,30.14,45.0,31.95,85.6
2020-12-10,118.6,66.65,512.0,78.3,25.0,29.94,45.17,31.64,83.65
2020-12-11,118.75,66.7,516.0,76.9,25.1,29.81,45.43,31.55,83.65
2020-12-14,118.25,66.5,508.0,77.1,25.0,29.82,45.31,31.68,83.5
2020-12-15,117.05,65.75,504.0,77.6,24.85,29.51,45.5,31.38,81.25
2020-12-16,119.25,66.65,512.0,78.8,25.25,29.8,45.2,31.76,84.2
2020-12-17,118.6,66.55,508.0,79.6,25.3,29.66,45.16,31.86,84.0
2020-12-18,118.2,66.35,510.0,80.4,25.15,29.61,45.19,31.86,83.6
2020-12-21,119.35,67.05,516.0,78.5,25.3,29.6,45.06,31.86,85.4
2020-12-22,118.0,66.2,509.0,76.6,25.0,29.43,45.16,31.63,82.95
2020-12-23,118.15,66.4,509.0,76.3,24.95,29.42,45.29,31.7,83.8
2020-12-24,118.8,66.65,510.0,76.2,24.95,29.48,44.92,31.78,84.75
2020-12-25,118.95,66.8,511.0,76.6,25.0,29.51,45.05,31.8,85.3
2020-12-28,120.0,67.45,515.0,77.6,24.95,29.75,44.93,32.0,87.15
2020-12-29,119.9,67.4,515.0,77.3,25.0,29.67,44.94,32.29,87.05
2020-12-30,121.6,68.3,525.0,77.9,25.7,29.78,44.95,32.2,89.45
2020-12-31,122.25,68.75,530.0,77.8,25.55,29.95,45.0,32.14,90.0
2021-01-04,124.35,70.0,536.0,78.5,25.35,29.94,44.99,32.31,92.85
2021-01-05,124.6,70.25,542.0,78.9,25.3,30.02,44.91,31.84,93.45
2021-01-06,125.95,70.8,549.0,77.8,25.2,30.0,44.2,31.85,93.35
2021-01-07,128.9,72.4,565.0,78.2,25.2,30.22,43.44,32.2,97.45
2021-01-08,131.2,74.1,580.0,79.1,25.5,30.46,43.14,32.66,100.35
2021-01-11,132.3,74.35,584.0,79.2,25.5,30.61,43.23,32.5,101.35
2021-01-12,132.1,74.45,591.0,79.0,25.3,30.35,43.08,32.4,100.75
2021-01-13,135.3,76.0,605.0,81.3,25.3,30.69,43.13,32.46,104.95
2021-01-14,134.05,75.3,592.0,80.6,25.2,30.92,43.47,32.54,104.0
2021-01-15,134.5,75.55,601.0,79.9,25.0,30.79,43.48,32.25,103.0
2021-01-18,134.4,75.65,607.0,79.0,24.9,30.61,43.5,32.17,102.4
2021-01-19,137.95,77.5,627.0,79.7,24.9,30.74,43.25,32.45,107.3
2021-01-20,138.2,77.85,647.0,76.0,24.55,30.25,43.38,32.52,105.45
2021-01-21,143.0,80.2,673.0,76.1,24.5,30.3,43.4,32.99,111.15
2021-01-22,137.45,79.2,649.0,78.6,24.3,30.53,43.13,32.85,109.5
2021-01-25,135.6,78.3,633.0,80.6,24.25,30.83,43.27,32.96,108.0
2021-01-26,132.85,76.55,617.0,79.6,24.1,30.68,43.8,32.81,103.85
2021-01-27,133.05,76.5,615.0,80.2,24.2,30.95,43.77,32.78,104.5
2021-01-28,130.35,74.9,601.0,78.9,24.0,30.72,43.99,31.99,100.65
2021-01-29,128.2,73.55,591.0,78.9,23.6,30.26,43.79,31.92,97.1
2021-02-01,130.75,75.2,611.0,77.2,23.9,30.25,43.38,31.91,100.45
2021-02-02,134.45,77.35,632.0,78.1,24.1,30.5,43.22,32.4,105.3
2021-02-03,134.35,77.4,630.0,78.7,23.95,30.51,43.06,32.77,105.9
2021-02-04,133.55,76.85,627.0,77.0,24.0,30.51,42.6,32.6,104.4
2021-02-05,134.8,77.6,632.0,79.1,24.1,30.55,42.7,33.1,106.2
2021-02-17,140.55,80.8,663.0,85.1,24.7,31.0,41.65,33.56,114.4
2021-02-18,140.35,80.7,660.0,85.3,24.9,31.13,41.67,33.4,115.5
2021-02-19,138.85,79.95,652.0,85.0,24.9,31.12,41.37,33.26,113.95
2021-02-22,138.8,79.9,650.0,87.8,24.85,31.5,40.54,33.21,114.6
2021-02-23,138.5,79.6,641.0,90.2,25.25,31.8,40.63,33.19,115.35
2021-02-24,136.45,78.3,625.0,88.2,25.35,31.8,40.51,32.88,111.4
2021-02-25,137.55,79.1,635.0,88.0,25.75,32.01,40.04,33.32,114.25
2021-02-26,133.4,77.45,606.0,87.0,25.25,31.9,39.53,32.47,107.2
2021-03-02,133.45,76.75,609.0,85.3,25.15,31.9,40.22,33.02,107.25
2021-03-03,135.4,78.0,622.0,84.6,25.25,31.93,39.89,33.02,111.3
2021-03-04,132.75,76.4,601.0,85.0,25.1,31.8,39.5,32.32,107.5
2021-03-05,131.95,75.7,601.0,85.4,25.05,31.8,39.1,32.06,106.25
2021-03-08,131.85,75.65,598.0,87.4,25.15,32.0,39.46,32.86,105.95
2021-03-09,131.35,75.5,595.0,90.6,25.7,32.0,40.02,33.33,105.85
2021-03-10,131.9,75.75,597.0,92.4,26.0,32.1,40.28,33.35,106.5
2021-03-11,134.7,77.3,609.0,95.8,25.9,32.33,40.04,33.73,111.0
2021-03-12,135.25,77.6,614.0,93.5,25.95,32.43,39.66,33.99,111.5
2021-03-15,134.9,77.5,611.0,94.7,26.1,32.74,39.09,34.08,111.4
2021-03-16,135.35,77.9,613.0,95.5,26.2,32.99,39.4,34.33,112.5
2021-03-17,134.2,77.2,604.0,93.7,26.0,32.95,39.4,34.28,110.85
2021-03-18,134.9,77.45,602.0,96.2,26.1,33.53,38.86,34.4,112.5
2021-03-19,132.8,76.35,591.0,96.8,26.05,33.6,39.14,34.08,109.05
2021-03-22,133.4,76.75,593.0,97.1,25.95,33.6,39.5,34.07,110.85
2021-03-23,133.6,76.7,594.0,96.7,25.9,33.66,39.5,34.25,110.6
2021-03-24,131.5,75.6,576.0,95.8,26.0,33.65,40.19,34.11,108.45
2021-03-25,131.95,75.85,575.0,94.8,26.05,33.66,40.08,34.11,109.25
2021-03-26,134.35,77.2,590.0,97.3,26.2,33.8,39.99,34.42,112.65
2021-03-29,135.45,77.7,599.0,97.5,26.2,34.34,39.9,34.49,114.5
2021-03-30,135.9,77.95,597.0,96.8,26.2,34.6,39.32,34.75,116.0
2021-03-31,134.75,77.35,587.0,99.8,26.1,34.63,39.59,34.59,114.35
2021-04-01,135.75,77.9,602.0,98.6,26.1,34.61,39.65,34.75,116.0
2021-04-06,137.65,79.0,610.0,99.6,26.1,34.74,39.99,35.55,119.0
2021-04-07,137.8,79.1,610.0,100.5,26.15,34.71,39.92,35.51,119.5
2021-04-08,138.25,79.4,613.0,98.8,26.2,34.75,39.77,35.68,121.3
2021-04-09,137.95,79.15,610.0,102.0,26.15,34.7,40.02,35.68,120.35
2021-04-12,137.15,78.8,605.0,104.0,26.2,34.69,40.08,35.9,119.95
2021-04-13,137.15,78.8,605.0,101.5,26.25,34.47,39.89,35.91,119.65
2021-04-14,137.9,79.2,612.0,107.5,26.35,34.35,40.09,36.08,120.1
2021-04-15,139.05,80.0,619.0,108.0,26.9,34.5,40.03,35.97,123.05
2021-04-16,139.25,80.0,610.0,115.5,26.95,34.94,40.17,36.14,124.15
2021-04-19,139.5,80.0,603.0,110.0,27.25,35.2,40.2,36.1,125.6
2021-04-20,139.25,80.15,602.0,108.0,27.2,35.33,39.72,35.87,126.15
2021-04-21,138.0,79.3,592.0,106.5,27.0,35.53,39.94,35.48,124.5
2021-04-22,137.9,79.05,591.0,104.0,26.85,35.4,40.19,35.84,123.65
2021-04-23,139.15,79.8,602.0,111.0,26.8,35.3,40.14,35.67,126.1
2021-04-26,141.2,81.0,610.0,117.0,27.0,35.99,39.94,35.84,130.15
2021-04-27,141.25,80.9,610.0,119.0,27.0,35.98,39.8,35.85,130.6
2021-04-28,140.4,80.55,602.0,120.5,26.95,35.98,39.44,35.85,130.0
2021-04-29,140.6,80.75,600.0,123.0,26.95,36.12,39.44,35.91,130.45
2021-05-03,138.25,79.35,588.0,125.0,26.6,35.91,39.4,35.89,125.5
2021-05-04,137.05,78.8,591.0,121.5,26.25,35.3,39.62,35.75,121.55
2021-05-05,135.75,78.05,585.0,123.5,26.3,35.35,39.84,35.61,119.35
2021-05-06,136.95,78.8,587.0,120.0,26.6,35.3,39.89,35.68,121.7
2021-05-07,139.4,80.1,599.0,122.0,26.65,35.72,39.92,35.91,126.45
2021-05-10,138.45,79.45,589.0,128.0,26.8,35.88,39.39,36.0,125.3
2021-05-11,133.25,77.1,571.0,115.5,26.25,34.7,39.28,35.52,115.3
2021-05-12,129.4,75.8,560.0,104.0,25.4,33.5,39.17,35.4,105.1
2021-05-13,127.5,73.1,547.0,97.2,25.35,33.4,38.83,34.8,102.6
2021-05-14,128.95,74.1,557.0,100.0,25.55,33.65,38.88,35.34,105.2
2021-05-17,126.5,72.55,549.0,106.5,24.95,32.75,39.18,35.79,99.1
2021-05-18,132.3,75.95,572.0,115.0,25.6,34.01,38.74,35.7,110.15
2021-05-19,131.4,75.4,567.0,113.0,25.4,34.1,38.62,35.01,109.45
2021-05-20,130.5,75.2,567.0,102.0,25.25,33.86,38.64,35.21,108.0
2021-05-21,132.35,76.05,573.0,99.6,25.45,34.0,38.87,35.63,111.7
2021-05-24,132.15,76.05,568.0,99.1,25.25,34.05,38.92,35.61,112.5
2021-05-25,134.4,77.5,583.0,106.0,25.4,34.34,39.02,35.81,116.45
2021-05-26,134.5,77.55,585.0,103.0,25.55,34.32,39.27,35.78,116.4
2021-05-27,133.55,77.0,582.0,105.0,25.3,34.28,39.25,35.71,115.7
2021-05-28,135.8,78.05,590.0,108.0,25.4,34.55,39.03,35.84,120.0
2021-05-31,137.1,78.9,597.0,110.0,25.55,34.75,38.89,35.65,122.0
2021-06-01,137.7,79.1,598.0,113.5,25.9,35.06,38.86,35.59,123.65
2021-06-02,137.7,78.85,595.0,110.0,26.0,34.96,38.97,35.63,123.0
2021-06-03,137.6,79.1,596.0,114.0,25.95,34.95,39.03,35.68,124.9
2021-06-04,136.95,78.6,595.0,112.0,25.95,34.77,38.99,35.57,123.45
2021-06-07,137.3,78.75,592.0,111.5,25.9,34.72,39.25,35.92,123.25
2021-06-08,136.5,78.35,589.0,110.5,25.95,34.65,39.36,35.92,122.3
2021-06-09,135.5,77.75,586.0,113.5,25.7,34.45,39.63,35.96,120.85
2021-06-10,137.6,79.1,599.0,114.0,25.85,34.6,39.91,35.9,124.15
2021-06-11,138.1,79.4,602.0,111.0,25.8,34.55,39.98,35.95,124.8
2021-06-15,138.85,79.8,609.0,112.5,25.75,34.65,39.82,36.2,127.15
2021-06-16,138.7,79.7,605.0,112.0,25.6,34.78,39.51,35.99,126.65
2021-06-17,138.3,79.6,606.0,116.0,25.65,34.9,39.6,35.88,127.2
2021-06-18,138.0,79.2,603.0,125.0,25.5,34.91,40.47,36.07,126.75
2021-06-21,134.7,77.5,583.0,118.0,25.45,34.55,41.7,35.55,122.05
2021-06-22,134.85,77.35,578.0,111.0,25.4,34.43,40.65,36.22,122.75
2021-06-23,137.05,78.8,595.0,110.5,25.9,34.45,40.8,36.46,126.95
2021-06-24,136.7,78.65,590.0,112.0,25.95,34.66,40.76,36.48,127.75
2021-06-25,136.95,78.9,591.0,108.5,26.15,34.74,40.7,36.54,128.65
2021-06-28,137.2,79.2,590.0,110.0,26.25,35.1,40.27,36.68,130.3
2021-06-29,137.6,79.3,595.0,106.5,26.15,34.8,40.62,36.61,130.1
2021-06-30,138.95,79.9,595.0,107.5,26.3,35.0,40.67,36.72,133.05
2021-07-01,138.3,79.6,593.0,107.0,26.0,35.0,40.71,36.77,131.65
2021-07-02,138.3,79.5,588.0,107.0,26.0,35.2,41.04,37.0,132.0
2021-07-05,139.6,80.3,591.0,111.5,26.05,35.69,41.12,37.18,135.9
2021-07-06,139.75,80.4,592.0,112.5,26.15,35.91,41.07,37.29,135.65
2021-07-07,139.0,80.0,594.0,113.0,26.15,35.61,41.66,37.25,133.85
2021-07-08,138.85,79.85,588.0,105.5,26.2,35.8,42.23,37.36,134.5
2021-07-09,137.75,78.95,584.0,101.0,26.2,35.44,41.93,37.17,131.5
2021-07-12,139.0,79.85,593.0,97.6,26.25,35.27,41.71,37.47,134.7
2021-07-13,140.15,80.35,607.0,97.2,26.25,34.85,41.6,37.64,134.85
2021-07-14,140.5,80.65,613.0,95.3,26.3,34.48,41.35,37.5,134.85
2021-07-15,141.8,81.25,614.0,97.4,26.35,34.98,41.88,37.53,137.85
2021-07-16,139.9,80.15,589.0,97.8,26.5,35.12,42.0,37.49,135.6
2021-07-19,138.3,79.5,582.0,100.0,26.4,35.14,42.34,37.13,133.6
2021-07-20,137.2,78.75,581.0,98.9,26.4,34.56,43.1,36.87,129.6
2021-07-21,136.7,78.65,585.0,96.1,26.35,34.13,42.79,37.2,128.75
2021-07-22,137.65,79.15,591.0,97.3,26.45,34.21,42.19,37.47,131.1
2021-07-23,137.65,79.05,585.0,97.0,26.6,34.47,42.45,37.67,131.2
2021-07-26,136.45,78.5,580.0,101.0,26.5,34.5,42.61,37.94,128.5
2021-07-27,136.4,78.35,580.0,101.0,26.5,34.07,42.28,37.96,127.9
2021-07-28,134.25,78.6,579.0,99.5,26.5,33.89,42.64,37.76,124.25
2021-07-29,136.5,78.7,583.0,98.8,26.6,34.1,42.44,37.72,129.8
2021-07-30,136.05,78.3,580.0,100.0,26.5,33.9,42.38,37.58,127.3
2021-08-02,137.9,79.5,590.0,99.5,26.9,34.0,42.48,37.83,131.65
2021-08-03,138.45,79.6,594.0,98.5,26.95,34.15,42.88,37.73,132.3
2021-08-04,139.25,80.0,596.0,99.3,26.9,34.35,42.78,37.72,133.75
2021-08-05,139.0,79.95,596.0,97.2,26.9,34.2,42.69,37.58,133.0
2021-08-06,138.8,79.8,591.0,97.9,26.85,34.25,42.51,37.82,131.9
2021-08-09,138.4,79.65,595.0,99.1,26.9,34.1,41.9,37.75,130.95
2021-08-10,137.65,79.1,591.0,97.6,27.0,33.79,41.81,37.73,129.2
2021-08-11,137.2,79.0,590.0,92.8,27.0,33.49,41.42,37.79,127.75
2021-08-12,136.95,78.75,586.0,94.6,27.0,33.51,41.48,37.85,127.5
2021-08-13,135.65,78.1,581.0,92.5,26.95,33.27,41.59,38.02,124.5
2021-08-16,135.35,77.8,584.0,88.1,26.7,32.86,42.29,38.05,122.8
2021-08-17,134.35,77.2,580.0,85.6,26.95,32.53,42.03,38.1,120.0
2021-08-18,134.9,77.7,574.0,86.4,27.0,33.07,41.94,38.0,122.75
2021-08-19,131.8,75.95,559.0,83.1,26.95,32.32,42.23,37.57,116.0
2021-08-20,130.75,75.2,552.0,81.5,26.85,32.26,42.63,37.7,115.5
2021-08-23,134.35,77.05,566.0,83.2,26.9,32.88,42.43,38.18,122.05
2021-08-24,134.75,77.4,572.0,86.2,27.3,32.8,42.34,38.43,123.25
2021-08-25,136.05,78.35,585.0,87.2,27.35,33.0,42.16,38.39,125.85
2021-08-26,137.0,78.75,594.0,86.0,27.4,32.99,41.89,38.46,126.35
2021-08-27,138.15,79.5,599.0,86.3,27.7,33.11,41.98,38.36,129.4
2021-08-30,139.5,80.15,605.0,85.3,27.85,33.29,42.06,38.46,131.8
2021-08-31,140.35,80.8,614.0,87.8,26.6,33.38,42.11,38.61,133.1
2021-09-01,141.0,80.9,613.0,91.5,26.05,33.39,41.67,38.54,133.7
2021-09-02,139.9,80.2,607.0,88.8,26.25,33.16,41.85,38.42,131.05
2021-09-03,141.9,81.2,620.0,90.2,26.3,33.24,41.87,38.6,134.9
2021-09-06,142.55,81.6,631.0,90.7,26.25,33.07,41.5,38.43,134.15
2021-09-07,141.9,81.25,623.0,91.3,26.25,33.16,41.49,38.48,133.25
2021-09-08,140.65,80.65,619.0,87.7,26.25,32.8,41.49,38.48,130.4
2021-09-09,140.3,80.6,619.0,89.9,26.25,32.94,41.69,38.27,130.65
2021-09-10,141.95,81.4,622.0,90.3,26.3,33.22,41.85,38.26,134.05
2021-09-13,141.45,81.05,615.0,90.1,26.3,33.41,41.81,37.96,133.2
2021-09-14,141.6,81.2,613.0,90.2,26.35,33.36,41.91,38.05,133.8
2021-09-15,140.75,80.6,607.0,89.0,26.3,33.33,42.28,37.82,132.45
2021-09-16,140.1,80.5,600.0,90.9,26.35,33.28,42.25,38.13,131.0
2021-09-17,140.5,80.55,600.0,91.1,26.25,33.42,42.16,38.14,132.35
2021-09-22,137.2,78.8,586.0,91.0,25.9,32.9,42.26,37.37,125.7
2021-09-23,138.0,79.4,588.0,93.0,26.25,33.08,42.58,37.69,128.3
2021-09-24,139.65,80.2,598.0,92.1,26.3,33.3,41.63,37.86,130.65
2021-09-27,140.0,80.4,602.0,90.5,26.4,33.3,41.5,38.1,131.3
2021-09-28,139.0,79.9,594.0,89.7,26.4,33.08,41.22,37.89,129.55
2021-09-29,136.0,78.6,580.0,86.9,26.35,32.7,40.84,37.38,124.05
2021-09-30,137.05,78.55,580.0,86.8,26.3,32.77,41.0,37.59,125.8
2021-10-01,133.95,77.45,574.0,86.0,26.1,32.26,41.1,36.72,119.6
2021-10-04,133.15,76.7,572.0,84.8,26.0,31.84,40.98,37.33,118.15
2021-10-05,132.95,76.4,572.0,84.9,25.9,31.96,41.1,36.96,118.2
2021-10-06,133.0,76.35,571.0,83.5,26.05,31.88,40.54,37.17,117.85
2021-10-07,135.35,77.75,580.0,91.8,26.25,32.57,40.75,37.63,122.95
2021-10-08,134.2,77.25,575.0,100.5,26.0,32.59,40.56,37.87,121.5
2021-10-12,132.85,76.5,575.0,105.0,26.15,32.24,40.55,37.57,118.55
2021-10-13,132.4,76.15,571.0,107.0,26.15,32.17,40.96,37.58,117.45
2021-10-14,132.75,76.3,573.0,104.5,26.1,32.18,41.21,37.78,118.35
2021-10-15,136.25,78.35,600.0,107.0,26.2,32.31,41.34,38.33,123.9
2021-10-18,135.85,78.05,590.0,107.0,26.2,32.36,41.06,38.43,122.95
2021-10-19,136.95,78.65,600.0,110.0,26.25,32.4,41.23,38.48,125.65
2021-10-20,136.6,78.55,598.0,110.0,26.3,32.37,40.62,38.6,125.5
2021-10-21,136.1,78.35,596.0,106.5,26.5,32.4,40.41,38.68,124.8
2021-10-22,136.5,78.45,600.0,105.0,26.45,30.84,40.44,38.85,125.3
2021-10-25,136.4,78.3,593.0,104.0,26.35,30.86,40.71,38.86,125.3
2021-10-26,137.55,79.0,599.0,105.5,26.65,31.05,40.64,39.12,127.55
2021-10-27,137.55,79.0,599.0,108.0,26.75,31.15,40.85,39.03,128.05
2021-10-28,137.15,78.8,595.0,107.5,26.6,31.39,41.58,38.87,127.4
2021-10-29,135.8,78.15,590.0,112.5,26.55,31.45,41.17,39.04,125.95
2021-11-01,136.5,78.45,590.0,119.5,26.65,31.56,41.58,39.4,127.9
2021-11-02,136.25,78.4,592.0,118.5,26.7,31.53,41.44,39.3,126.95
2021-11-03,136.6,78.65,592.0,123.0,26.7,31.77,41.66,39.55,128.05
2021-11-04,136.15,78.4,587.0,121.0,26.7,31.86,41.08,39.8,128.0
2021-11-05,138.1,79.4,600.0,124.0,26.8,31.95,41.53,40.05,130.75
2021-11-08,139.2,80.05,602.0,133.5,26.9,32.39,42.04,40.11,132.7
2021-11-09,140.7,80.75,611.0,136.5,27.0,32.35,42.11,39.97,135.2
2021-11-10,140.5,80.5,612.0,139.0,27.35,32.34,42.39,39.73,135.0
2021-11-11,139.25,79.85,606.0,137.0,27.75,32.15,41.89,39.71,133.35
2021-11-12,139.7,80.2,604.0,135.5,27.6,32.2,41.93,39.76,134.4
2021-11-15,140.95,80.9,608.0,136.0,27.95,32.43,41.71,40.0,136.65
2021-11-16,141.2,79.55,610.0,140.5,27.9,32.59,41.12,39.97,136.75
2021-11-17,141.65,79.7,610.0,143.0,27.95,32.71,40.8,40.19,137.85
2021-11-18,142.45,80.2,613.0,138.5,27.95,32.98,41.12,40.07,139.85
2021-11-19,142.8,80.45,618.0,141.0,27.65,32.93,41.1,40.28,139.6
2021-11-22,142.45,80.3,615.0,138.0,27.5,32.93,41.55,40.24,139.55
2021-11-23,141.1,79.65,612.0,134.5,27.4,32.63,41.15,40.0,136.65
2021-11-24,140.5,79.25,603.0,134.0,28.0,32.61,41.05,40.0,136.35
2021-11-25,140.45,79.25,603.0,134.0,27.9,32.65,41.12,40.25,136.35
2021-11-26,138.15,78.1,596.0,135.0,27.6,32.35,41.78,39.88,131.35
2021-11-29,138.15,77.8,593.0,132.0,27.2,32.22,41.98,39.6,131.1
2021-11-30,138.0,77.9,596.0,136.0,26.95,32.3,42.06,39.52,131.7
2021-12-01,140.3,79.0,600.0,139.0,27.55,32.5,42.2,39.31,135.4
2021-12-02,141.8,79.9,615.0,136.5,27.7,32.47,42.53,38.78,137.25
2021-12-03,141.75,79.85,608.0,141.0,27.85,32.65,42.64,39.1,137.6
2021-12-06,141.35,79.75,600.0,134.5,27.9,32.86,42.99,38.96,137.0
2021-12-07,141.8,79.95,607.0,132.5,28.0,33.03,42.5,39.41,138.15
2021-12-08,142.35,80.2,602.0,142.5,28.0,33.18,42.45,40.08,139.8
2021-12-09,142.0,80.25,608.0,148.0,28.0,33.32,41.78,39.96,139.85
2021-12-10,141.95,80.0,605.0,152.5,27.95,33.3,41.83,39.75,139.25
2021-12-13,141.5,79.7,601.0,160.0,27.85,33.33,41.8,40.25,138.5
2021-12-14,140.1,79.0,599.0,151.5,27.75,32.95,42.43,39.98,135.3
2021-12-15,140.3,79.0,600.0,152.5,27.7,33.04,42.38,39.7,135.8
2021-12-16,142.05,79.95,605.0,158.0,27.85,33.45,42.19,40.35,139.15
2021-12-17,141.9,79.95,607.0,154.5,28.0,33.43,42.2,39.88,138.8
2021-12-20,140.65,79.25,598.0,153.5,27.8,33.41,42.69,39.22,136.4
2021-12-21,141.85,79.85,597.0,155.0,27.95,33.36,42.22,39.45,139.45
2021-12-22,141.85,79.95,600.0,157.0,27.9,33.3,42.09,39.74,139.7
2021-12-23,142.65,80.4,606.0,155.0,27.9,33.34,42.07,40.14,141.25
2021-12-24,143.05,80.45,604.0,156.0,27.95,33.29,41.89,40.19,141.7
2021-12-27,144.15,81.05,606.0,155.0,27.95,33.38,41.81,40.33,143.6
2021-12-28,145.3,81.7,615.0,156.5,28.0,33.56,41.85,40.67,145.65
2021-12-29,145.95,82.0,616.0,154.0,28.05,33.61,41.72,40.67,146.75
2021-12-30,145.5,81.85,615.0,155.5,28.05,33.58,41.22,40.68,146.0
2022-01-03,146.4,82.35,631.0,156.5,28.0,33.42,41.57,40.68,146.55
2022-01-04,149.6,84.1,656.0,152.5,28.1,33.41,40.78,40.71,151.2
2022-01-05,149.3,84.5,650.0,154.0,28.2,33.45,40.43,40.53,150.4
2022-01-06,147.9,83.45,644.0,154.5,28.55,33.41,40.04,39.85,148.25
2022-01-07,146.6,82.7,634.0,147.5,28.95,33.17,40.2,40.01,145.25
2022-01-10,147.55,82.9,643.0,149.0,28.95,33.27,39.9,39.88,146.75
2022-01-11,148.3,83.3,651.0,141.0,29.3,33.2,40.34,39.78,146.95
2022-01-12,149.55,84.2,660.0,142.0,29.4,33.1,40.33,40.16,148.9
2022-01-13,150.3,84.6,661.0,139.5,29.9,33.2,40.18,40.11,150.15
2022-01-14,150.3,84.6,672.0,138.5,29.5,33.15,40.35,39.65,149.35
2022-01-17,152.0,85.45,683.0,140.5,29.2,33.22,39.75,39.45,151.95
2022-01-18,150.3,84.45,662.0,143.0,29.2,33.45,39.7,39.41,149.6
2022-01-19,148.5,83.45,654.0,143.5,29.0,33.21,39.31,38.81,146.35
2022-01-20,149.1,83.75,651.0,142.0,28.95,33.36,39.5,38.75,147.5
2022-01-21,142.65,82.0,641.0,141.0,28.85,32.84,40.1,38.05,141.45
2022-01-24,144.0,82.9,653.0,140.0,28.85,32.72,40.1,37.85,143.1
2022-01-25,141.65,81.65,641.0,142.0,28.85,32.34,40.05,37.18,138.15
2022-01-26,141.55,81.4,636.0,137.5,29.0,32.4,40.05,37.3,137.85
2022-02-07,142.3,81.95,635.0,146.0,29.95,33.0,39.56,38.5,141.5
2022-02-08,142.9,82.2,628.0,152.5,30.1,33.3,39.25,38.38,142.9
2022-02-09,143.4,82.55,633.0,152.5,30.35,33.5,39.28,38.92,145.6
2022-02-10,145.05,83.6,649.0,150.0,30.3,33.49,39.3,39.2,148.1
2022-02-11,144.95,83.45,650.0,148.0,30.4,33.43,38.82,38.33,147.55
2022-02-14,142.7,82.3,637.0,143.5,30.35,33.13,38.94,38.02,143.1
2022-02-15,142.05,82.0,633.0,149.5,30.25,33.1,38.91,37.72,142.05
2022-02-16,144.4,83.3,646.0,151.5,30.65,33.27,38.39,38.31,147.0
2022-02-17,144.5,83.25,645.0,152.5,30.5,33.34,38.61,38.17,147.35
2022-02-18,144.1,82.95,637.0,152.5,30.35,33.5,38.59,37.85,147.3
2022-02-21,143.8,82.8,632.0,147.5,30.2,33.8,38.83,37.54,146.95
2022-02-22,141.85,81.75,627.0,140.0,30.0,33.49,39.15,36.85,141.85
2022-02-23,142.25,81.85,625.0,148.0,30.0,33.75,38.86,37.18,143.75
2022-02-24,138.8,79.9,604.0,141.0,29.6,33.19,39.16,35.81,136.05
2022-02-25,138.5,79.85,604.0,140.0,29.45,33.33,38.87,36.76,136.45
2022-03-01,140.45,80.8,604.0,145.5,29.8,33.88,39.29,37.7,141.35
2022-03-02,139.65,80.45,601.0,146.0,29.9,33.97,39.76,37.34,140.45
2022-03-03,139.95,80.55,602.0,148.5,29.95,34.22,38.99,37.86,140.95
2022-03-04,138.45,79.7,595.0,148.0,29.7,34.04,39.45,37.52,137.95
2022-03-07,134.0,78.45,576.0,139.5,29.2,33.45,40.0,37.21,128.65
2022-03-08,131.15,75.9,563.0,135.5,28.95,33.0,39.69,36.4,123.0
2022-03-09,132.5,76.3,568.0,136.0,28.8,33.36,39.48,36.52,126.35
2022-03-10,136.35,78.5,587.0,138.5,29.9,33.89,38.9,37.17,133.1
2022-03-11,134.4,77.55,575.0,133.0,29.95,33.9,38.73,36.94,129.8
2022-03-14,134.4,77.3,572.0,130.5,30.05,34.13,38.6,37.01,130.15
2022-03-15,131.65,75.85,558.0,126.0,30.1,33.78,38.14,36.67,124.85
2022-03-16,132.2,76.1,558.0,127.0,30.5,33.71,38.1,37.51,125.9
2022-03-17,136.4,78.6,582.0,130.5,30.9,34.01,38.43,38.08,133.85
2022-03-18,136.1,78.3,581.0,130.5,31.05,33.9,37.83,38.22,132.85
2022-03-21,137.0,78.8,586.0,131.0,31.15,33.95,38.23,38.85,134.55
2022-03-22,136.8,78.7,583.0,128.5,31.4,33.87,37.49,38.95,135.05
2022-03-23,138.1,79.55,590.0,129.0,31.7,33.96,36.98,39.52,137.7
2022-03-24,138.0,79.45,591.0,129.5,31.8,33.96,37.7,39.21,137.4
2022-03-25,138.2,79.65,598.0,130.5,31.8,33.81,37.71,39.7,136.8
2022-03-28,136.7,78.75,584.0,131.5,32.1,33.78,37.15,39.99,134.3
2022-03-29,136.85,78.85,589.0,131.0,32.3,33.64,37.6,40.4,135.05
2022-03-30,138.55,79.75,600.0,130.0,32.85,33.7,37.99,40.5,137.95
2022-03-31,138.1,79.6,597.0,130.0,33.05,33.63,38.0,40.43,136.95
2022-04-01,136.95,78.95,589.0,130.5,33.0,33.55,38.03,40.05,135.3
2022-04-06,136.25,78.55,578.0,127.5,34.05,33.47,37.16,40.02,134.2
2022-04-07,133.8,77.3,566.0,122.5,33.75,32.9,37.22,39.45,129.0
2022-04-08,134.55,77.35,567.0,122.5,34.85,33.17,37.01,39.88,130.95
2022-04-11,132.45,76.35,558.0,119.5,35.35,32.81,36.5,39.61,126.5
2022-04-12,132.55,76.3,557.0,117.0,35.15,32.69,36.08,39.3,126.9
2022-04-13,135.05,77.7,573.0,116.0,35.25,33.11,36.02,39.33,131.15
2022-04-14,134.55,77.5,573.0,114.5,33.35,33.07,36.24,39.67,130.85
2022-04-15,132.25,76.15,562.0,112.5,33.3,32.9,35.84,39.42,126.3
2022-04-18,131.55,75.65,561.0,111.0,32.2,32.68,35.56,39.21,124.8
2022-04-19,132.0,76.0,565.0,113.5,32.15,32.85,35.58,39.55,126.7
2022-04-20,132.65,76.35,570.0,116.0,32.5,32.83,35.27,39.89,128.0
2022-04-21,132.75,76.35,565.0,113.5,32.2,32.9,35.77,40.21,128.85
2022-04-22,131.6,75.95,558.0,111.5,33.0,32.78,35.56,39.45,126.6
2022-04-25,129.25,74.45,547.0,107.0,32.45,32.03,35.79,38.39,120.45
2022-04-26,129.25,74.4,546.0,108.5,33.45,31.93,35.78,38.77,120.6
2022-04-27,126.55,72.8,526.0,107.5,33.2,31.48,36.22,37.94,116.35
2022-04-28,127.1,73.25,531.0,108.0,33.3,31.72,36.03,38.28,118.0
2022-04-29,128.75,74.25,538.0,108.5,33.85,32.01,35.98,38.71,120.5
2022-05-03,127.8,73.5,531.0,111.0,32.7,32.09,35.3,37.91,119.1
2022-05-04,127.8,73.65,534.0,115.0,32.4,32.31,35.37,37.92,119.65
2022-05-05,129.25,74.4,542.0,114.5,32.1,32.54,35.23,38.94,122.0
2022-05-06,126.65,73.0,528.0,111.5,31.8,32.25,34.73,37.89,117.3
2022-05-09,124.55,71.7,520.0,110.0,30.7,31.57,34.12,37.35,112.35
2022-05-10,124.0,71.5,518.0,110.0,30.35,31.65,34.52,36.8,112.55
2022-05-11,124.2,71.5,521.0,106.0,30.65,31.17,34.91,36.79,112.15
2022-05-12,121.25,69.8,505.0,105.5,29.5,30.63,35.48,36.05,106.85
2022-05-13,122.35,70.5,511.0,108.0,29.45,30.8,35.3,36.46,109.65
2022-05-16,123.0,70.8,520.0,107.5,29.1,30.72,35.2,36.76,110.65
2022-05-17,124.35,71.55,530.0,108.5,28.6,30.69,34.79,36.84,113.0
2022-05-18,125.7,72.35,538.0,110.5,29.6,31.01,34.19,37.29,115.3
2022-05-19,123.3,71.1,522.0,109.0,28.75,30.68,34.76,36.01,111.7
2022-05-20,124.65,71.85,530.0,107.0,28.9,30.72,34.99,35.93,113.95
2022-05-23,124.9,72.0,528.0,105.5,29.45,30.86,35.14,36.0,114.2
2022-05-24,123.5,71.1,520.0,104.5,29.45,30.7,34.91,35.89,111.3
2022-05-25,124.45,71.6,524.0,105.5,29.55,30.88,35.29,36.15,113.6
2022-05-26,122.9,70.75,514.0,105.0,28.8,30.8,35.4,36.1,111.3
2022-05-27,125.5,72.3,530.0,108.0,29.4,31.08,35.09,36.63,115.35
2022-05-30,128.55,73.95,547.0,112.5,30.05,31.43,34.8,37.48,120.5
2022-05-31,129.8,74.5,560.0,113.0,30.6,31.4,34.37,37.33,121.95
2022-06-01,129.15,74.4,549.0,112.5,29.8,31.52,34.23,37.29,121.2
2022-06-02,127.8,73.7,540.0,110.5,29.55,31.4,34.49,37.1,119.65
2022-06-06,128.7,74.2,540.0,110.5,29.6,31.48,34.29,37.49,120.8
2022-06-07,127.4,73.35,535.0,114.0,29.35,31.44,33.92,37.21,118.7
2022-06-08,128.8,74.2,544.0,114.5,29.5,31.6,34.13,37.64,121.25
2022-06-09,128.4,73.95,541.0,114.0,29.15,31.3,33.99,37.44,120.75
2022-06-10,127.1,73.35,530.0,109.5,29.15,31.08,34.04,36.71,118.75
2022-06-13,123.55,71.35,516.0,106.0,28.9,30.51,34.0,35.31,112.45
2022-06-14,123.35,71.25,513.0,104.0,29.45,30.48,33.3,34.78,112.2
2022-06-15,122.75,70.8,509.0,100.0,29.15,30.39,32.81,34.3,111.2
2022-06-16,122.5,70.6,508.0,98.8,29.5,29.94,33.14,34.79,109.45
2022-06-17,120.85,69.8,501.0,98.0,29.1,29.62,33.49,33.96,107.1
2022-06-20,119.75,69.0,498.0,93.9,29.0,28.87,33.51,33.72,103.6
2022-06-21,122.2,70.25,505.0,96.5,29.5,29.28,33.17,34.24,108.85
2022-06-22,119.5,68.8,494.5,92.1,28.95,28.5,33.26,34.2,103.9
2022-06-23,117.9,67.8,485.5,92.3,29.4,28.05,33.89,34.54,102.15
2022-06-24,118.15,68.0,486.5,94.1,29.65,28.1,34.13,35.11,104.0
2022-06-27,120.95,69.5,498.5,95.3,29.7,28.86,33.37,35.75,107.95
2022-06-28,119.8,69.0,497.5,93.0,29.7,28.53,33.43,35.64,106.0
2022-06-29,118.8,68.3,491.0,92.0,29.4,28.14,33.67,35.03,104.05
2022-06-30,115.8,66.75,476.0,88.7,29.0,27.56,33.95,34.79,98.35
2022-07-01,111.55,64.45,453.5,81.5,29.1,26.81,34.45,34.41,92.35
2022-07-04,110.45,63.65,440.0,83.4,28.95,26.68,34.55,34.88,91.5
2022-07-05,111.0,64.15,446.0,86.2,29.05,26.96,34.34,35.25,92.8
2022-07-06,108.85,63.1,435.5,86.0,28.6,26.32,35.08,35.14,88.45
2022-07-07,112.1,64.85,457.5,86.7,28.6,26.76,34.64,35.43,93.05
2022-07-08,113.25,65.55,467.0,89.3,28.3,27.25,34.29,35.68,94.8
2022-07-11,112.25,65.05,462.0,87.5,27.05,27.25,33.91,35.59,93.35
2022-07-12,109.55,63.5,449.5,83.4,26.5,26.62,34.55,35.33,88.5
2022-07-13,113.45,65.6,470.5,86.0,27.1,27.08,34.53,35.23,93.8
2022-07-14,114.0,65.8,475.0,87.4,27.4,27.18,34.79,34.98,95.25
2022-07-15,115.5,66.8,492.5,87.4,27.2,27.09,35.01,35.05,96.8
2022-07-18,114.2,65.75,495.5,91.8,28.0,27.48,35.12,35.86,98.3
2022-07-19,114.3,65.8,491.0,93.8,27.85,27.68,34.71,35.48,98.85
2022-07-20,115.05,66.0,495.0,96.8,27.85,28.0,34.46,36.4,100.0
2022-07-21,116.35,66.95,501.0,97.9,28.45,28.38,34.63,36.48,102.1
2022-07-22,116.8,67.25,503.0,95.3,29.05,28.4,35.15,36.67,102.3
2022-07-25,116.7,67.2,499.5,94.0,29.15,28.33,35.55,36.46,102.6
2022-07-26,115.65,66.55,495.0,89.8,29.2,28.12,35.52,36.49,101.0
2022-07-27,116.7,67.1,502.0,91.0,29.35,28.25,35.5,36.57,102.45
2022-07-28,116.9,67.3,501.0,90.7,27.65,28.18,35.26,36.95,102.65
2022-07-29,118.0,67.9,509.0,91.4,27.5,28.55,35.56,37.73,104.2
2022-08-01,117.65,67.7,504.0,93.3,27.2,28.76,35.59,37.99,103.95
2022-08-02,115.55,66.6,492.0,92.2,27.35,28.45,36.55,37.97,100.35
2022-08-03,116.25,66.9,501.0,92.3,27.2,28.44,35.95,37.92,101.0
2022-08-04,116.55,67.1,500.0,79.6,27.3,28.43,36.06,38.33,100.75
2022-08-05,119.5,68.75,516.0,80.6,27.55,28.87,36.02,38.47,106.0
2022-08-08,119.25,68.6,512.0,79.7,27.6,28.87,35.45,38.46,105.45
2022-08-09,119.15,68.45,510.0,79.9,28.1,29.07,35.86,38.42,105.75
2022-08-10,117.9,67.8,500.0,79.3,28.15,28.81,35.81,38.19,104.0
2022-08-11,120.05,69.05,514.0,80.3,28.5,29.12,35.54,39.02,107.8
2022-08-12,120.8,69.55,517.0,82.8,28.45,29.3,34.85,39.0,109.45
2022-08-15,121.9,70.2,523.0,85.2,28.35,29.22,35.01,39.49,111.15
2022-08-16,122.1,70.25,525.0,83.6,28.3,29.24,34.87,39.73,111.25
2022-08-17,122.15,70.4,527.0,85.3,28.25,29.28,34.82,39.77,111.4
2022-08-18,121.35,69.8,520.0,86.9,28.05,29.29,34.57,39.44,110.4
2022-08-19,121.55,69.95,519.0,87.1,28.05,29.42,34.45,39.53,110.8
2022-08-22,119.8,68.95,510.0,85.0,27.8,29.25,34.11,39.0,108.25
2022-08-23,118.2,68.1,504.0,83.5,27.55,28.93,34.13,38.43,106.2
2022-08-24,117.9,67.9,503.0,83.5,27.65,28.8,34.14,38.46,105.65
2022-08-25,119.0,68.5,508.0,85.7,27.8,28.94,33.77,38.8,107.8
2022-08-26,119.6,68.85,512.0,87.0,28.0,29.1,33.97,39.16,108.8
2022-08-29,116.55,67.25,498.5,84.8,27.7,28.45,34.22,37.77,103.1
2022-08-30,116.75,67.25,496.0,84.5,27.65,28.67,34.55,38.03,104.25
2022-08-31,117.6,67.7,505.0,85.9,28.2,28.79,34.45,37.71,105.65
2022-09-01,115.15,66.3,490.5,83.9,27.65,28.44,34.03,37.05,101.0
2022-09-02,113.9,65.7,485.0,85.1,27.6,28.1,33.81,37.42,99.4
2022-09-05,114.15,65.7,486.0,83.5,27.55,28.18,34.05,37.26,99.55
2022-09-06,114.9,66.1,489.0,81.2,27.8,28.08,33.91,37.45,99.9
2022-09-07,112.2,64.65,472.5,80.3,27.3,27.9,33.45,37.12,95.9
2022-09-08,113.0,65.0,475.0,86.2,27.5,28.25,33.92,37.91,98.1
2022-09-12,115.4,66.35,486.5,91.1,27.75,28.56,33.52,38.71,101.9
2022-09-13,116.0,66.7,493.0,92.9,27.75,28.71,33.38,39.11,102.85
2022-09-14,113.65,65.4,480.0,91.0,27.4,28.35,33.5,37.83,99.0
2022-09-15,113.85,65.5,476.5,95.5,27.55,28.59,33.64,37.89,99.65
2022-09-16,112.55,64.85,472.0,93.7,27.4,28.28,33.88,37.43,97.45
2022-09-19,112.05,64.45,467.0,95.3,27.4,28.06,33.71,37.45,96.5
2022-09-20,113.05,65.0,476.5,93.2,27.4,27.98,33.79,37.85,98.2
2022-09-21,112.1,64.5,471.0,90.0,27.3,27.64,33.59,37.49,96.7
2022-09-22,110.75,63.7,464.5,93.0,26.8,27.17,34.07,36.81,94.2
2022-09-23,109.7,63.0,455.0,92.2,26.75,27.06,33.35,36.75,92.7
2022-09-26,107.65,61.8,446.5,89.2,26.35,26.33,33.46,36.08,88.15
2022-09-27,107.5,61.7,448.0,89.0,26.15,26.33,33.18,36.15,88.7
2022-09-28,105.25,60.4,438.0,88.4,26.1,25.83,32.38,35.64,84.65
2022-09-29,104.9,60.2,435.0,88.9,26.1,25.81,33.06,36.52,85.05
2022-09-30,103.45,59.35,422.0,88.3,25.75,25.78,33.04,35.77,83.2
2022-10-03,102.2,58.7,417.0,88.4,25.35,25.67,32.97,35.23,81.5
2022-10-04,104.8,60.05,429.0,90.7,25.3,26.27,33.23,36.44,85.55
2022-10-05,107.25,61.55,445.0,90.6,25.25,26.62,32.98,36.8,88.3
2022-10-06,108.0,62.0,451.0,89.0,25.45,26.57,32.62,37.06,89.15
2022-10-07,106.2,60.95,438.0,84.8,25.3,26.28,32.47,36.52,86.85
2022-10-11,100.7,57.9,401.5,82.9,24.4,25.85,31.8,35.42,78.85
2022-10-12,100.2,57.55,397.5,82.7,24.6,25.82,31.96,35.48,78.6
2022-10-13,99.0,56.85,395.0,82.9,23.75,25.53,32.04,35.3,75.6
2022-10-14,101.85,58.45,412.0,82.1,23.55,25.91,31.97,36.35,79.95
2022-10-17,99.95,57.3,397.0,83.1,23.1,25.77,31.83,35.69,79.35
2022-10-18,101.1,58.0,407.0,89.3,23.0,25.84,31.68,36.87,79.15
2022-10-19,99.75,57.25,395.5,91.6,22.5,23.95,31.55,36.95,77.8
2022-10-20,99.2,57.1,397.5,90.0,22.55,23.65,31.12,36.65,76.7
2022-10-21,98.9,56.75,389.5,90.3,22.95,23.58,30.6,36.3,75.6
2022-10-24,98.6,56.75,387.0,90.0,22.85,23.69,30.46,37.35,76.25
2022-10-25,96.7,55.5,371.0,90.2,22.8,23.4,30.27,37.82,74.0
2022-10-26,97.6,56.15,376.0,91.3,23.2,23.41,30.94,38.04,74.8
2022-10-27,99.0,56.9,385.5,93.0,23.1,23.58,31.03,38.02,76.95
2022-10-28,97.75,56.2,379.5,92.5,23.15,23.31,31.43,37.49,74.9
2022-10-31,99.05,56.95,390.0,92.5,23.2,23.48,31.28,38.69,76.95
2022-11-01,99.6,57.25,391.5,91.5,23.4,23.55,31.26,38.64,78.2
2022-11-02,100.0,57.5,395.0,92.5,23.25,23.67,31.32,38.41,78.8
2022-11-03,98.7,56.8,384.0,95.1,23.05,23.58,31.19,37.49,77.35
2022-11-04,98.85,56.9,382.0,96.8,23.05,23.64,30.98,37.1,77.95
2022-11-07,100.55,57.85,390.0,102.0,23.5,24.06,30.71,37.32,80.3
2022-11-08,101.6,58.5,399.0,101.0,23.5,24.23,30.15,37.56,81.45
2022-11-09,104.5,60.0,417.0,102.5,23.45,24.61,30.38,37.59,85.2
2022-11-10,103.5,59.45,407.5,100.5,23.2,24.53,30.45,37.0,83.6
2022-11-11,109.0,62.55,441.5,101.0,24.0,25.0,31.1,38.13,90.65
2022-11-14,110.0,63.25,445.0,100.5,24.05,25.42,30.71,38.09,92.2
2022-11-15,114.7,65.8,480.0,99.0,24.2,25.55,30.62,38.25,97.75
2022-11-16,114.5,64.7,487.0,104.0,24.0,25.53,30.64,38.44,97.8
2022-11-17,114.55,64.7,485.0,107.0,23.75,25.58,31.31,38.17,98.15
2022-11-18,114.25,64.55,487.0,113.0,23.7,25.43,31.26,38.04,97.2
2022-11-21,113.85,64.25,482.0,108.0,23.75,25.22,31.21,38.14,96.75
2022-11-22,114.8,64.85,491.0,107.0,23.75,25.1,31.14,38.01,97.85
2022-11-23,115.6,65.3,492.0,105.5,24.0,25.3,31.61,38.56,99.3
2022-11-24,116.7,65.9,496.0,107.0,24.25,25.54,31.9,38.6,101.55
2022-11-25,116.7,65.8,498.0,107.5,24.15,25.52,31.94,38.43,100.8
2022-11-28,114.35,64.7,480.5,108.5,24.1,25.32,32.14,38.29,97.85
2022-11-29,115.4,65.1,487.0,108.0,24.5,25.47,31.81,38.08,99.95
2022-11-30,116.35,65.75,490.0,108.0,24.8,25.65,31.51,37.83,102.1
2022-12-01,118.35,66.75,498.5,112.5,24.6,25.82,31.57,38.64,104.35
2022-12-02,117.3,66.3,492.5,111.0,24.15,25.73,32.09,38.48,103.05
2022-12-05,117.45,66.25,489.0,108.0,24.25,25.87,32.34,38.33,103.55
2022-12-06,115.3,65.2,478.0,103.5,24.2,25.61,32.43,37.81,100.1
2022-12-07,114.6,64.75,475.0,101.0,24.4,25.44,32.66,37.5,99.1
2022-12-08,113.25,64.0,471.5,102.5,24.65,25.29,33.41,37.37,97.5
2022-12-09,115.0,64.95,481.5,102.5,24.65,25.51,33.59,37.68,100.0
2022-12-12,113.9,64.5,475.0,102.5,24.55,25.5,32.92,37.38,98.4
2022-12-13,113.4,64.15,471.5,102.5,24.2,25.53,32.77,37.93,97.65
2022-12-14,114.8,65.0,480.5,107.0,24.65,25.68,32.98,38.14,100.3
2022-12-15,114.9,65.05,480.5,114.0,24.6,25.7,33.0,37.93,100.4
2022-12-16,113.0,63.9,471.0,107.0,24.25,25.7,33.14,37.17,96.95
2022-12-19,112.35,63.6,466.5,103.0,24.3,25.73,32.85,36.74,96.05
2022-12-20,110.3,62.5,457.5,100.0,24.0,25.3,31.94,36.04,92.5
2022-12-21,110.75,62.65,459.0,101.0,24.1,25.34,31.89,36.48,93.2
2022-12-22,112.6,63.7,468.0,105.0,24.35,25.67,32.1,36.91,96.4
2022-12-23,110.7,62.8,455.0,106.5,24.1,25.6,31.87,36.44,93.7
2022-12-26,111.1,62.95,456.5,105.0,24.15,25.58,31.73,36.84,94.35
2022-12-27,111.6,63.1,457.0,106.0,24.3,25.63,31.6,36.78,95.05
2022-12-28,110.0,62.1,451.0,105.5,24.05,25.38,31.09,36.46,92.4
2022-12-29,109.5,61.85,446.0,107.5,24.1,25.29,30.97,36.07,91.7
2022-12-30,110.2,62.1,448.5,106.5,24.05,25.4,31.08,36.56,92.8
2023-01-03,110.75,62.6,453.0,111.0,24.0,25.49,31.0,36.55,94.05
2023-01-04,110.5,62.35,449.5,112.0,23.8,25.45,31.56,36.42,93.8
2023-01-05,111.3,62.8,458.5,110.5,24.0,25.46,31.53,36.59,94.5
2023-01-06,111.8,63.2,458.5,112.0,23.95,25.66,31.71,36.36,95.9
2023-01-09,115.8,65.25,481.0,113.5,24.6,25.94,32.03,36.9,101.2
2023-01-10,116.25,65.75,486.0,114.5,24.5,26.06,32.12,36.64,102.3
2023-01-11,116.35,65.6,484.5,114.5,24.2,26.07,31.88,36.87,101.7
2023-01-12,115.85,65.55,486.5,114.0,24.05,25.99,32.2,37.34,101.15
2023-01-13,117.2,66.3,500.0,114.0,24.25,25.98,32.5,37.3,102.6
2023-01-16,118.1,66.85,505.0,113.5,24.45,26.02,32.26,37.41,104.0
2023-01-17,118.1,66.75,503.0,114.0,24.15,26.06,32.17,37.35,104.0
2023-01-30,120.7,69.75,543.0,119.5,24.9,26.53,32.3,37.82,111.55
2023-01-31,118.3,68.6,522.0,115.5,24.5,26.54,32.04,37.31,109.3
2023-02-01,119.0,68.95,530.0,117.0,24.65,26.67,32.12,37.67,110.55
2023-02-02,121.0,69.95,540.0,118.0,24.65,26.99,32.15,37.87,113.6
2023-02-03,121.0,69.95,542.0,114.5,24.7,27.0,32.41,38.11,113.55
2023-02-06,119.25,69.0,526.0,116.0,24.5,26.92,32.08,38.09,110.7
2023-02-07,119.0,68.85,523.0,119.5,24.4,26.94,31.98,38.14,110.7
2023-02-08,120.85,69.85,540.0,120.0,24.5,27.15,31.8,38.57,113.65
2023-02-09,120.9,69.9,540.0,117.0,24.6,27.15,31.78,38.36,113.5
2023-02-10,121.0,70.0,545.0,117.0,24.7,27.02,31.67,37.99,113.15
2023-02-13,120.75,69.85,541.0,117.5,25.2,26.97,31.4,38.15,112.7
2023-02-14,121.65,70.25,545.0,119.0,25.25,27.13,31.62,38.56,114.5
2023-02-15,118.85,68.85,525.0,119.0,25.05,27.05,31.76,38.6,110.2
2023-02-16,120.3,69.6,528.0,121.0,25.1,27.33,31.1,38.87,112.95
2023-02-17,118.75,68.7,518.0,117.5,25.4,27.24,30.73,38.29,111.05
2023-02-20,119.0,68.85,517.0,116.5,26.0,27.41,31.09,38.38,112.0
2023-02-21,118.95,68.75,516.0,116.5,24.75,27.53,31.1,38.2,112.05
2023-02-22,117.65,68.05,507.0,117.5,24.9,27.4,30.96,37.84,109.8
2023-02-23,119.4,69.05,518.0,120.5,24.95,27.74,30.96,37.72,113.1
2023-02-24,118.8,68.7,511.0,119.0,24.95,27.67,31.21,37.8,111.85
2023-03-01,119.35,69.05,522.0,120.5,24.8,27.72,31.04,37.72,112.5
2023-03-02,119.25,68.85,519.0,120.0,24.7,27.78,30.89,37.43,112.4
2023-03-03,119.35,69.0,516.0,119.0,24.65,27.95,30.82,37.77,112.9
2023-03-06,120.5,69.75,521.0,118.5,24.85,28.25,31.13,38.34,115.45
2023-03-07,121.3,70.1,524.0,119.5,25.0,28.38,31.05,38.35,117.0
2023-03-08,120.3,69.65,521.0,117.0,25.0,28.37,31.1,37.99,115.65
2023-03-09,120.2,69.55,522.0,119.0,24.85,28.24,31.12,38.07,115.0
2023-03-10,118.3,68.55,513.0,120.0,24.55,27.86,31.79,37.3,111.0
2023-03-13,118.8,68.75,516.0,118.5,24.35,27.93,31.79,37.27,111.85
2023-03-14,117.5,68.0,510.0,117.5,24.05,27.66,32.15,36.71,109.25
2023-03-15,117.6,68.0,511.0,119.0,24.0,27.66,31.82,37.12,109.8
2023-03-16,117.05,67.65,505.0,119.5,23.55,27.5,32.39,37.1,107.9
2023-03-17,118.95,68.55,518.0,118.5,23.7,27.76,32.18,37.48,111.0
2023-03-20,118.1,68.2,512.0,120.0,23.75,27.76,32.5,37.15,110.15
2023-03-21,118.65,68.5,517.0,120.0,23.95,27.84,32.41,37.47,111.5
2023-03-22,120.9,69.8,533.0,123.5,24.45,28.05,32.04,37.85,115.35
2023-03-23,121.85,70.25,538.0,126.0,24.65,28.12,32.09,37.26,117.0
2023-03-24,122.2,70.65,539.0,129.0,24.7,28.26,32.1,37.32,118.3
2023-03-27,121.45,70.2,531.0,128.0,24.7,28.31,32.28,37.6,116.9
2023-03-28,120.4,69.6,525.0,128.0,24.8,28.06,31.69,37.46,114.5
2023-03-29,120.6,69.8,530.0,130.0,24.9,28.15,31.66,37.61,115.45
2023-03-30,121.2,70.05,535.0,133.0,25.0,28.29,31.63,38.08,116.8
2023-03-31,121.6,70.25,533.0,133.5,25.3,28.43,31.75,38.25,117.5
2023-04-06,121.0,70.05,530.0,138.0,25.45,28.47,32.89,38.55,116.0
2023-04-07,121.0,69.95,531.0,134.0,25.0,28.43,32.89,38.67,116.6
2023-04-10,121.0,70.05,529.0,136.5,25.0,28.5,32.73,38.68,117.35
2023-04-11,120.85,69.95,524.0,135.5,25.25,28.7,32.56,38.77,117.9
2023-04-12,120.55,69.8,520.0,136.5,25.3,28.85,32.53,38.71,117.9
2023-04-13,119.5,69.2,510.0,132.0,25.3,28.71,32.52,38.55,116.25
2023-04-14,120.65,69.85,516.0,134.5,25.45,28.74,32.25,38.92,118.45
2023-04-17,120.35,69.75,520.0,135.0,25.25,28.8,32.04,39.03,118.0
2023-04-18,119.95,69.5,515.0,135.5,25.3,28.67,31.79,39.1,117.15
2023-04-19,119.05,69.0,510.0,134.5,25.05,28.55,31.89,39.06,116.1
2023-04-20,118.9,68.9,513.0,134.0,24.9,28.43,32.02,39.25,115.0
2023-04-21,118.6,68.7,511.0,132.0,24.85,28.19,32.29,39.03,113.7
2023-04-24,118.15,68.45,507.0,135.0,25.0,28.27,32.15,39.0,113.8
2023-04-25,116.6,67.6,498.0,129.0,24.95,27.8,32.5,38.98,110.2
2023-04-26,116.1,67.05,491.5,129.0,24.95,27.84,32.76,38.83,110.1
2023-04-27,116.0,67.2,493.5,131.5,24.8,28.02,32.51,38.57,110.3
2023-04-28,117.4,67.95,502.0,131.0,24.95,28.23,32.46,39.19,112.85
2023-05-02,117.7,68.05,501.0,135.0,24.9,28.44,32.28,39.57,113.75
2023-05-03,117.2,67.85,496.0,132.5,24.8,28.42,32.65,39.2,112.65
2023-05-04,117.5,67.95,498.0,136.0,24.9,28.45,32.81,38.92,113.35
2023-05-05,117.8,68.2,500.0,137.0,24.95,28.47,32.63,38.68,113.7
2023-05-08,118.55,68.6,504.0,135.0,24.95,28.67,32.73,39.21,114.85
2023-05-09,118.9,68.8,510.0,139.0,25.05,28.64,32.51,39.27,115.25
2023-05-10,117.8,68.3,503.0,139.5,25.5,28.54,32.47,39.2,113.3
2023-05-11,117.55,68.0,499.0,141.0,25.45,28.4,32.64,39.39,112.15
2023-05-12,117.2,67.8,496.0,139.0,25.25,28.45,32.85,39.41,112.15
2023-05-15,117.2,67.8,495.5,135.5,25.3,28.42,32.75,39.34,111.85
2023-05-16,118.6,68.6,505.0,144.5,25.7,28.65,32.69,39.37,114.7
2023-05-17,120.55,69.65,519.0,149.5,25.9,28.76,32.41,39.36,118.2
2023-05-18,122.15,70.55,530.0,159.5,26.0,29.05,32.4,39.61,120.95
2023-05-19,122.5,70.7,532.0,164.0,26.3,29.31,32.26,40.11,122.0
2023-05-22,122.3,70.65,531.0,161.5,26.2,29.35,32.1,39.83,121.8
2023-05-23,122.2,70.65,530.0,160.0,26.1,29.37,31.96,40.07,122.1
2023-05-24,121.6,70.3,525.0,165.0,26.1,29.43,31.76,39.67,121.15
2023-05-25,123.05,71.05,543.0,180.0,25.8,29.78,31.63,39.52,123.25
2023-05-26,125.95,72.7,566.0,185.0,25.75,30.13,31.77,39.56,127.0
2023-05-29,126.75,73.05,568.0,186.0,25.8,30.65,31.81,40.02,129.1
2023-05-30,126.75,73.2,566.0,184.5,25.9,30.52,31.82,40.1,129.2
2023-05-31,126.15,72.8,558.0,186.5,25.9,30.49,31.82,39.99,128.25
2023-06-01,125.15,72.2,551.0,190.5,25.85,30.47,31.77,39.92,127.45
2023-06-02,126.75,73.1,562.0,203.0,26.0,30.93,31.73,40.34,130.8
2023-06-05,126.35,72.9,555.0,211.5,26.35,31.1,31.33,40.8,130.35
2023-06-06,126.7,73.15,560.0,209.0,26.55,31.15,31.19,40.84,131.1
2023-06-07,128.1,73.95,568.0,224.5,26.7,31.46,31.43,40.86,133.8
2023-06-08,126.85,73.25,559.0,219.0,26.6,31.24,31.03,40.61,130.8
2023-06-09,127.8,73.9,565.0,240.5,26.5,31.78,31.21,40.82,133.3
2023-06-12,129.0,74.45,574.0,243.0,26.2,31.78,31.23,41.19,134.75
2023-06-13,131.55,76.0,593.0,245.0,26.3,32.2,31.32,42.0,139.35
2023-06-14,131.5,75.85,590.0,242.5,26.25,32.32,31.16,41.76,139.2
2023-06-15,131.9,76.15,591.0,246.0,26.25,32.69,31.22,41.78,140.85
2023-06-16,131.55,75.9,589.0,254.5,26.2,32.78,31.45,42.21,139.85
2023-06-19,131.25,75.85,583.0,252.5,26.3,32.73,31.52,42.13,139.45
2023-06-20,130.55,75.4,583.0,256.0,26.3,32.48,31.39,42.14,138.45
2023-06-21,130.55,75.45,581.0,260.0,26.4,32.83,31.75,42.14,138.4
2023-06-26,129.75,75.0,574.0,243.5,26.35,32.77,31.91,42.0,136.2
2023-06-27,128.9,74.75,572.0,233.0,26.2,32.18,31.85,41.82,133.95
2023-06-28,129.1,74.65,574.0,227.0,26.1,32.3,31.8,42.2,134.3
2023-06-29,129.05,74.65,573.0,233.0,25.95,32.53,31.88,42.27,134.45
2023-06-30,129.1,74.75,576.0,243.5,26.05,32.67,31.59,42.48,135.25
2023-07-03,130.7,75.6,579.0,248.0,26.2,33.24,31.77,43.1,138.75
2023-07-04,131.0,75.9,585.0,272.5,26.05,33.91,31.76,43.11,139.9
2023-07-05,130.8,75.6,582.0,265.0,26.15,33.71,31.71,43.13,138.3
2023-07-06,127.9,74.25,565.0,264.0,25.8,33.34,31.51,43.07,133.35
2023-07-07,127.7,74.0,565.0,261.0,25.55,33.08,31.18,42.94,132.1
2023-07-10,127.45,73.8,565.0,273.5,25.45,33.18,31.0,42.83,131.6
2023-07-11,129.2,74.85,577.0,276.5,25.8,33.8,31.12,43.02,135.65
2023-07-12,129.45,74.95,578.0,304.0,25.95,34.3,31.11,43.19,136.4
2023-07-13,130.9,75.75,585.0,295.5,26.0,34.82,31.18,43.42,139.25
2023-07-14,132.25,76.3,591.0,296.0,26.3,35.54,31.29,43.31,142.4
2023-07-17,132.0,76.45,591.0,293.5,26.45,35.94,31.37,43.37,142.4
2023-07-18,129.85,75.0,581.0,312.5,26.45,35.11,31.35,43.55,141.3
2023-07-19,128.75,74.7,581.0,298.5,26.45,34.36,31.59,44.05,139.6
2023-07-20,129.35,74.7,579.0,305.0,26.6,34.71,31.76,44.06,140.35
2023-07-21,127.2,73.6,560.0,322.5,26.45,35.26,31.63,44.02,137.7
2023-07-24,127.25,73.7,558.0,354.5,26.25,35.99,31.77,44.24,138.15
2023-07-25,128.85,74.5,569.0,352.5,26.55,36.05,31.66,44.35,141.35
2023-07-26,128.5,74.4,566.0,333.0,26.95,36.02,31.56,44.46,140.3
2023-07-27,129.5,74.75,569.0,332.0,26.0,36.1,31.53,44.44,142.4
2023-07-28,129.5,74.8,567.0,347.5,25.95,36.58,31.22,44.2,142.5
2023-07-31,128.8,74.5,565.0,314.0,25.85,35.74,31.22,44.74,139.85
2023-08-01,129.45,74.85,567.0,319.0,25.95,35.73,31.5,45.06,141.5
2023-08-02,127.85,74.0,561.0,297.0,25.65,34.51,31.23,44.8,135.95
2023-08-04,127.25,73.6,554.0,306.0,25.55,34.74,30.89,44.5,135.75
2023-08-07,128.5,74.1,558.0,336.5,25.75,35.7,31.16,44.31,138.8
2023-08-08,127.0,73.4,552.0,333.5,25.6,35.59,31.12,44.54,135.95
2023-08-09,127.2,73.5,554.0,328.5,25.9,35.35,31.28,44.53,135.9
2023-08-10,126.4,73.1,551.0,296.0,25.85,34.43,31.2,44.24,132.65
2023-08-11,126.3,72.95,546.0,300.5,25.7,34.56,31.02,44.12,132.55
2023-08-14,124.5,72.05,541.0,296.0,25.35,34.28,31.0,44.17,128.15
2023-08-15,124.7,72.1,542.0,316.0,25.0,34.85,30.97,44.65,129.5
2023-08-16,124.05,71.8,542.0,334.5,24.55,35.14,30.67,44.02,128.85
2023-08-17,124.6,71.9,544.0,331.0,24.5,35.33,30.4,43.75,130.45
2023-08-18,123.85,71.55,539.0,312.0,24.6,34.84,30.33,43.32,128.15
2023-08-21,123.0,71.3,537.0,310.5,24.85,34.85,30.2,43.38,128.0
2023-08-22,124.0,71.65,541.0,335.5,24.65,35.11,30.0,43.63,129.1
2023-08-23,124.85,72.2,552.0,334.5,24.55,35.43,30.26,43.71,131.45
2023-08-24,127.0,73.4,564.0,354.0,24.4,35.76,30.48,44.13,134.7
2023-08-25,124.55,72.15,546.0,342.5,24.35,35.14,30.31,43.34,129.35
2023-08-28,125.35,72.4,549.0,345.0,24.5,35.06,30.47,43.65,130.4
2023-08-29,126.05,72.75,552.0,354.0,24.6,35.16,30.48,44.03,132.5
2023-08-30,126.6,73.1,555.0,354.0,24.8,35.35,30.64,44.68,133.95
2023-08-31,125.7,72.6,549.0,341.0,24.45,35.31,30.79,44.81,132.35
2023-09-01,125.9,72.7,548.0,323.0,24.55,35.12,30.76,44.75,133.05
2023-09-04,126.75,73.2,557.0,316.0,24.6,35.27,30.48,44.83,134.45
2023-09-05,126.45,73.1,552.0,311.0,24.5,35.43,30.43,44.71,134.55
2023-09-06,126.0,72.85,550.0,306.5,24.35,35.6,30.3,44.64,133.8
2023-09-07,124.85,72.2,542.0,314.5,24.2,35.45,30.3,44.29,131.45
2023-09-08,124.3,71.9,539.0,307.5,24.2,35.42,30.44,44.33,131.05
2023-09-11,123.8,71.65,536.0,279.5,24.15,34.79,30.28,44.46,128.9
2023-09-12,125.05,72.2,544.0,270.5,24.25,34.8,30.24,44.63,131.3
2023-09-13,125.2,72.25,541.0,267.5,24.3,34.86,30.25,44.39,131.7
2023-09-14,126.95,73.25,550.0,278.0,24.8,35.31,30.26,44.48,135.7
2023-09-15,127.35,73.5,558.0,271.5,24.4,35.58,30.16,44.92,136.75
2023-09-18,126.0,72.8,540.0,260.0,24.45,35.31,30.02,44.37,133.65
2023-09-19,125.45,72.5,538.0,253.5,24.45,35.14,30.1,44.3,132.2
2023-09-20,124.75,72.05,535.0,263.5,24.35,35.05,30.01,44.21,131.0
2023-09-21,122.75,71.1,527.0,268.5,24.05,34.7,29.95,43.89,126.9
2023-09-22,122.65,70.9,522.0,279.0,24.1,34.89,29.2,43.32,127.45
2023-09-25,123.55,71.45,525.0,274.5,24.3,35.08,29.18,43.31,129.45
2023-09-26,122.1,70.6,519.0,275.5,24.15,34.76,28.73,43.31,126.45
2023-09-27,122.15,70.6,522.0,284.5,24.15,34.87,28.71,42.97,126.9
2023-09-28,122.65,70.85,523.0,281.5,24.25,35.06,28.52,42.94,127.8
2023-10-02,124.25,71.8,533.0,290.0,24.15,35.74,28.44,43.21,131.05
2023-10-03,123.5,71.45,529.0,290.0,24.1,35.6,28.3,43.05,128.95
2023-10-04,121.9,70.55,520.0,287.5,23.8,35.39,27.61,42.57,126.1
2023-10-05,123.65,71.4,528.0,288.0,24.0,35.69,28.02,42.8,129.5
2023-10-06,124.1,71.75,532.0,289.5,24.2,35.79,27.85,42.61,130.35
2023-10-11,126.25,72.85,544.0,274.0,24.6,35.78,28.2,43.53,133.2
2023-10-12,127.3,73.45,550.0,284.5,24.75,35.98,28.75,43.95,135.3
2023-10-13,126.95,73.3,553.0,271.0,24.65,35.72,28.34,43.75,134.25
2023-10-16,126.25,72.9,545.0,265.5,24.7,35.52,28.43,43.58,132.3
2023-10-17,126.55,72.9,551.0,261.5,24.7,35.27,28.08,43.86,132.15
2023-10-18,124.8,72.1,540.0,246.0,24.5,34.9,27.92,43.79,129.4
2023-10-19,124.85,72.25,546.0,243.0,24.2,33.65,27.59,43.35,129.2
2023-10-20,125.4,72.35,556.0,241.5,24.0,33.4,27.45,42.93,128.7
2023-10-23,123.85,71.55,544.0,239.0,24.05,33.08,27.24,42.59,126.0
2023-10-24,123.95,71.6,544.0,247.0,23.95,33.47,27.75,42.48,127.25
2023-10-25,124.2,71.7,544.0,245.5,23.95,33.62,27.93,42.61,127.95
2023-10-26,121.75,70.55,531.0,232.0,23.8,33.1,27.48,41.99,122.75
2023-10-27,122.3,70.65,533.0,235.5,24.0,33.13,27.82,42.03,124.1
2023-10-30,122.0,70.55,532.0,232.5,23.85,33.23,27.72,41.73,124.0
2023-10-31,121.15,70.1,529.0,217.5,23.85,32.69,27.69,41.88,121.8
2023-11-01,121.75,70.3,528.0,221.0,23.85,32.89,27.36,42.24,122.9
2023-11-02,124.5,72.0,547.0,226.5,24.15,33.52,27.85,42.71,127.85
2023-11-03,125.45,72.4,549.0,220.5,24.35,33.69,28.27,43.28,129.6
2023-11-06,126.55,73.05,550.0,220.0,24.55,34.24,28.32,43.5,132.25
2023-11-07,126.5,73.0,555.0,220.5,24.5,34.23,28.18,43.51,132.3
2023-11-08,127.2,73.35,556.0,224.5,24.55,34.54,28.49,43.72,133.5
2023-11-09,127.25,73.45,557.0,231.0,24.45,34.55,29.03,43.78,133.65
2023-11-10,126.75,73.15,557.0,230.5,24.5,34.43,28.62,43.66,132.4
2023-11-13,128.7,74.25,571.0,225.5,24.5,34.54,28.45,44.17,135.4
2023-11-14,129.0,74.5,572.0,229.5,24.5,34.68,28.63,44.3,136.65
2023-11-15,130.55,75.3,581.0,228.5,24.6,34.83,29.04,45.0,139.8
2023-11-16,130.6,74.6,583.0,233.0,25.15,34.77,28.5,44.73,139.95
2023-11-17,131.0,74.75,580.0,230.5,25.15,34.82,28.55,44.8,140.7
2023-11-20,130.95,74.65,577.0,233.0,25.2,34.9,28.42,44.4,140.45
2023-11-21,132.55,75.55,585.0,244.0,25.7,35.3,28.54,44.43,143.9
2023-11-22,131.35,75.0,577.0,233.5,25.5,35.05,28.47,44.45,141.85
2023-11-23,131.3,74.9,578.0,233.5,25.55,34.97,28.69,44.78,141.75
2023-11-24,131.2,74.85,575.0,232.0,25.5,34.94,28.52,44.87,141.95
2023-11-27,130.35,74.2,568.0,230.0,25.35,34.75,28.35,44.75,139.4
2023-11-28,131.25,74.85,575.0,235.0,25.7,34.9,28.57,44.6,142.85
2023-11-29,131.15,74.8,574.0,243.5,25.55,35.09,28.67,44.37,142.65
2023-11-30,131.35,74.95,577.0,250.0,25.6,35.08,28.86,44.36,143.5
2023-12-01,131.8,75.05,579.0,246.0,25.25,35.13,28.8,44.62,143.8
2023-12-04,131.3,74.9,574.0,236.0,25.25,35.19,29.14,44.74,143.7
2023-12-05,130.35,74.4,570.0,228.5,25.45,35.05,29.33,44.66,141.75
2023-12-06,130.8,74.6,570.0,243.5,25.55,35.31,29.78,44.94,143.0
2023-12-07,130.0,74.2,566.0,259.5,25.5,35.25,30.11,44.69,141.3
2023-12-08,131.05,74.65,570.0,258.5,25.6,35.42,30.04,44.76,143.05
2023-12-11,131.2,74.8,574.0,251.5,25.6,35.47,29.9,45.12,143.55
2023-12-12,131.5,74.95,578.0,250.5,25.5,35.58,29.9,45.35,144.25
2023-12-13,131.55,75.05,577.0,250.0,25.45,36.06,30.0,45.62,144.3
2023-12-14,133.15,75.8,582.0,257.5,25.75,36.55,30.64,46.02,147.7
2023-12-15,133.7,76.05,585.0,254.0,25.7,36.36,30.92,45.96,148.35
2023-12-18,133.9,76.1,585.0,255.5,25.65,36.38,31.42,46.08,147.85
2023-12-19,133.4,75.95,585.0,260.0,25.5,36.1,31.22,46.27,146.3
2023-12-20,133.75,76.1,585.0,261.5,25.4,36.57,31.17,46.6,148.15
2023-12-21,132.6,75.5,577.0,262.0,25.4,36.33,31.26,45.94,145.7
2023-12-22,132.95,75.65,582.0,259.0,25.4,36.37,30.99,46.02,146.2
2023-12-25,133.5,76.0,581.0,263.5,25.35,36.65,30.79,46.21,147.15
2023-12-26,134.25,76.4,586.0,264.0,25.5,37.0,30.89,46.03,149.1
2023-12-27,135.75,77.1,592.0,264.0,25.7,37.42,30.83,45.99,151.4
2023-12-28,135.75,77.2,593.0,265.5,25.8,37.33,30.91,45.72,151.15
2023-12-29,135.45,77.15,593.0,266.0,25.8,37.4,30.85,45.75,151.2
2024-01-02,134.9,76.9,593.0,255.0,25.9,37.17,30.61,45.79,149.95
2024-01-03,132.55,75.6,578.0,247.5,25.6,36.68,30.6,45.71,145.9
2024-01-04,132.5,75.55,580.0,247.0,25.7,36.59,30.66,45.48,145.7
2024-01-05,132.15,75.35,576.0,243.0,25.65,36.55,30.35,45.2,145.15
2024-01-08,132.75,75.9,583.0,241.5,25.8,36.57,29.98,45.14,146.35
2024-01-09,133.0,75.85,586.0,252.0,25.5,36.49,30.18,45.72,146.2
2024-01-10,132.3,75.55,584.0,247.5,25.4,36.24,30.06,45.78,144.45
2024-01-11,132.85,75.9,586.0,263.0,25.4,36.39,30.01,46.19,146.3
2024-01-12,132.65,75.7,584.0,262.0,25.35,36.33,30.07,46.01,145.25
2024-01-15,133.0,75.95,586.0,260.5,25.4,36.42,30.3,46.46,146.35
2024-01-16,131.65,75.2,580.0,261.5,25.0,36.37,30.15,46.57,143.0
2024-01-17,127.45,74.7,581.0,257.0,24.6,35.19,29.86,46.48,140.6
2024-01-18,128.3,75.0,588.0,256.0,24.55,35.12,29.84,46.33,141.15
2024-01-19,132.9,77.5,626.0,270.5,24.7,35.65,29.41,46.64,148.05
2024-01-22,133.8,77.9,626.0,297.5,24.55,36.14,29.57,47.01,150.2
2024-01-23,134.05,78.15,628.0,291.0,24.65,36.2,29.61,47.14,151.2
2024-01-24,134.0,78.2,627.0,293.5,24.65,36.23,29.47,47.33,151.4
2024-01-25,135.65,79.1,642.0,292.0,24.65,36.29,29.33,47.2,153.5
2024-01-26,135.65,79.1,644.0,284.0,24.85,36.07,29.48,47.29,153.1
2024-01-29,136.5,79.6,648.0,295.0,25.0,36.28,29.41,47.25,155.7
2024-01-30,136.15,79.45,642.0,305.0,24.75,36.36,29.79,47.74,155.15
2024-01-31,134.35,78.45,628.0,309.0,24.75,36.2,30.11,47.79,152.0
2024-02-01,134.35,78.45,628.0,313.5,24.9,36.3,30.36,47.38,152.65
2024-02-02,135.1,78.95,635.0,333.0,24.85,36.45,30.52,48.01,154.9
2024-02-05,135.95,79.55,646.0,337.0,24.5,36.45,30.1,48.44,155.05
2024-02-15,142.35,82.95,697.0,370.5,24.65,36.86,29.59,48.96,165.2
2024-02-16,141.3,82.5,683.0,381.0,24.65,37.07,29.56,49.33,164.8
2024-02-19,141.1,82.4,678.0,366.5,24.8,37.14,29.54,49.15,165.0
2024-02-20,141.65,82.7,687.0,357.0,24.75,37.39,29.55,49.0,166.15
2024-02-21,141.2,82.4,681.0,347.5,24.65,37.29,29.56,48.76,165.2
2024-02-22,142.8,83.35,692.0,347.0,24.5,37.65,29.55,49.41,168.9
2024-02-23,143.75,83.9,697.0,342.5,24.4,37.59,29.56,50.25,169.45
2024-02-26,143.95,84.15,698.0,335.0,24.35,37.68,29.95,50.1,170.5
2024-02-27,143.35,83.85,698.0,334.0,25.1,37.51,29.56,49.95,168.85
2024-02-29,143.3,83.95,690.0,345.0,25.25,37.7,29.53,50.05,170.15
2024-03-01,142.8,83.7,689.0,361.0,25.35,37.74,29.6,50.3,169.85
2024-03-04,146.95,85.85,725.0,354.5,25.35,38.0,29.65,50.55,176.35
2024-03-05,148.15,86.65,730.0,361.5,25.3,38.16,29.63,50.4,178.1
2024-03-06,148.85,87.15,735.0,362.5,25.4,38.53,29.88,50.1,180.1
2024-03-07,152.3,88.95,760.0,359.0,25.4,38.68,30.04,50.15,184.2
2024-03-08,154.45,90.1,784.0,358.0,25.3,38.45,30.06,50.5,186.1
2024-03-11,152.9,89.3,766.0,360.0,25.5,38.43,30.06,50.2,184.8
2024-03-12,154.5,90.2,770.0,355.0,25.65,38.99,30.02,50.35,188.8
2024-03-13,155.25,90.8,779.0,328.0,25.7,39.08,29.81,50.75,188.65
2024-03-14,155.1,90.55,784.0,317.5,26.05,38.72,29.68,50.8,188.4
2024-03-15,153.0,89.8,753.0,313.0,26.2,39.02,29.42,50.85,185.35
2024-03-18,154.4,90.3,764.0,310.5,26.5,39.36,29.36,50.6,188.1
2024-03-19,154.05,90.3,762.0,305.0,26.55,39.7,29.38,50.8,187.55
2024-03-20,153.2,89.9,758.0,295.0,26.5,39.63,29.44,51.35,186.05
2024-03-21,157.4,92.0,784.0,291.0,26.75,39.93,29.39,52.0,194.1
2024-03-22,157.2,92.05,785.0,303.0,27.1,39.8,29.65,52.3,193.6
2024-03-25,157.5,92.1,780.0,306.0,27.05,39.62,29.79,51.85,194.15
2024-03-26,157.6,92.2,782.0,304.5,27.35,39.24,29.71,51.95,193.0
2024-03-27,157.65,92.25,779.0,310.0,27.2,39.55,29.8,51.9,194.35
2024-03-28,156.9,91.8,769.0,313.0,27.15,39.74,29.97,52.2,193.45
2024-03-29,157.9,92.25,779.0,316.0,27.25,39.86,30.0,52.55,194.7
2024-04-01,157.4,91.85,770.0,318.5,27.35,39.59,29.97,52.4,194.55
2024-04-02,159.65,93.2,790.0,317.0,27.3,39.88,29.65,52.25,199.2
2024-04-03,158.55,92.8,780.0,317.5,26.9,39.75,29.43,51.9,196.55
2024-04-08,159.45,93.1,783.0,340.0,27.15,39.92,29.15,51.9,198.3
2024-04-09,163.25,95.45,819.0,335.0,27.3,39.99,29.23,52.0,206.3
2024-04-10,163.0,95.35,815.0,320.0,27.15,40.2,29.37,51.75,205.65
2024-04-11,162.5,94.95,820.0,320.5,27.25,40.09,28.95,51.6,203.8
2024-04-12,162.1,94.8,818.0,318.0,27.1,39.98,28.88,52.2,204.05
2024-04-15,160.0,93.8,806.0,302.0,27.05,39.62,28.93,51.7,199.15
2024-04-16,155.65,91.3,788.0,302.0,26.3,38.49,28.79,51.15,187.5
2024-04-17,157.4,92.35,804.0,308.0,26.5,38.94,28.6,51.15,192.1
2024-04-18,158.95,93.05,804.0,302.0,27.0,38.18,28.78,50.75,194.35
2024-04-19,150.9,88.5,750.0,292.5,26.55,37.27,29.01,50.1,179.0
2024-04-22,150.45,88.0,742.0,282.5,27.05,36.92,28.77,50.5,178.45
2024-04-23,151.9,88.75,754.0,281.0,27.2,37.12,28.92,50.8,181.7
2024-04-24,156.35,91.4,783.0,299.5,27.05,37.85,28.76,51.45,190.95
2024-04-25,153.5,89.95,766.0,290.5,27.15,37.51,28.64,51.0,185.0
2024-04-26,156.0,91.35,782.0,295.5,27.1,37.69,28.49,51.65,190.6
2024-04-29,158.8,92.75,795.0,301.0,27.65,38.34,28.66,51.9,197.5
2024-04-30,158.25,92.7,790.0,299.0,27.4,38.32,28.84,51.9,196.35
2024-05-02,156.15,91.5,772.0,288.5,27.45,38.35,28.77,51.2,193.1
2024-05-03,156.95,92.0,780.0,286.0,27.6,38.45,28.74,51.3,194.0
2024-05-06,159.2,93.3,786.0,292.0,28.1,38.88,28.97,51.7,198.85
2024-05-07,160.1,93.75,800.0,312.0,28.2,38.97,29.22,52.35,200.05
2024-05-08,160.7,94.1,802.0,311.5,28.25,39.02,29.28,52.45,201.2
2024-05-09,160.5,94.0,796.0,310.0,27.9,38.92,29.11,52.35,199.55
2024-05-10,161.65,94.75,802.0,307.0,28.5,39.04,29.31,52.85,202.65
2024-05-13,163.3,95.4,819.0,313.0,28.3,39.04,29.18,52.95,204.3
2024-05-14,164.4,96.15,825.0,320.0,27.9,39.26,29.21,52.75,207.05
2024-05-15,166.65,97.5,839.0,311.0,28.0,39.3,29.24,52.6,211.4
2024-05-16,167.45,98.1,841.0,314.5,28.3,39.6,29.63,53.1,214.15
2024-05-17,167.25,97.8,835.0,322.5,29.0,39.51,29.24,53.25,213.35
2024-05-20,167.2,97.65,835.0,325.0,29.4,39.66,29.08,53.4,213.25
2024-05-21,167.0,97.6,841.0,330.0,28.85,39.5,29.03,53.4,212.45
2024-05-22,170.0,99.5,864.0,328.5,28.5,40.04,29.1,53.5,218.7
2024-05-23,171.3,100.2,875.0,317.0,28.65,40.01,29.11,53.5,219.55
2024-05-24,170.6,99.9,867.0,319.0,28.3,40.1,29.02,52.95,218.95
